{
    "!comment": "Put private overrides in a similar file named: rest-client.private.env.json",

    "local": {
        "apiGatewayCloudUrl": "https://api-gateway-cloud-dev.drcedirect.com",
        "apiGatewayUrl": "https://api-gateway-dev.drcedirect.com/",
        "distScoreDirectUrl": "http://dccdtsd002/distributedScoringService/rtmData",
        "oicService": "http://dcwhscT001:8080/",
        "onlineScoringService": "https://eca-online-scoring-api-dev.awcl.drcedirect-le.com",
        "rtmService": "https://rtm-service-dev.drcedirect-le.com",
        "securityContextService": "http://securitycontextservice-sqa.datarecognitioncorp.com/securitycontextservice",
        "udbService": "http://iatudb-dev.datarecognitioncorp.com/iatudbservice",

        "ecaCredentialsJson": "overridden by response handling code",
        "ecaBearer": "overridden by response handling code",
        "envAbbr": "local",
        "envName": "development",
        "my-var": "my-dev-value"
    },

    "development": {
        "apiGatewayCloudUrl": "https://api-gateway-cloud-dev.drcedirect.com",
        "apiGatewayUrl": "https://api-gateway-dev.drcedirect.com/",
        "distScoreDirectUrl": "http://dccdtsd002/distributedScoringService/rtmData",
        "ideasEndpoint": "https://ideasweb-dev.drcedirect.com/dev.ideas",
        "altFormEndpoint": "https://eca-alt-form-builder-api-dev.awcl.drcedirect-le.com/forms",
        "oicService": "http://dcwhscT001:8080/",
        "onlineScoringService": "https://eca-online-scoring-api-dev.awcl.drcedirect-le.com",
        "rtmService": "https://rtm-service-dev.drcedirect-le.com",
        "securityContextService": "http://securitycontextservice-sqa.datarecognitioncorp.com/securitycontextservice",
        "udbService": "http://iatudb-dev.datarecognitioncorp.com/iatudbservice",

        "ecaCredentialsJson": "overridden by response handling code",
        "ecaBearer": "overridden by response handling code",
        "envAbbr": "dev",
        "envName": "development",
        "my-var": "my-dev-value"
    },

    "sqa": {
        "apiGatewayCloudUrl": "https://api-gateway-cloud-sqa.drcedirect.com",
        "apiGatewayUrl": "https://api-gateway-sqa.drcedirect.com/",
        "distScoreDirectUrl": "http://dccdtsd002/distributedScoringService/rtmData",
        "ideasEndpoint": "https://ideasweb-sqa.drcedirect.com/sqa.ideas",
        "altFormEndpoint": "https://eca-alt-form-builder-api-sqa.awcl.drcedirect-le.com/forms",
        "oicService": "http://dcwhscT001:8080/",
        "onlineScoringService": "https://eca-online-scoring-api-sqa.awcl.drcedirect-le.com",
        "rtmService": "https://rtm-service-sqa.drcedirect-le.com",
        "securityContextService": "http://securitycontextservice-sqa.datarecognitioncorp.com/securitycontextservice",
        "udbService": "http://iatudb-sqa.datarecognitioncorp.com/iatudbservice",

        "ecaCredentialsJson": "overridden by response handling code",
        "ecaBearer": "overridden by response handling code",
        "envAbbr": "sqa",
        "envName": "sqa",
        "my-var": "my-dev-value"
    },

    "staging": {
        "apiGatewayCloudUrl": "https://api-gateway-cloud-staging.drcedirect.com",
        "apiGatewayUrl": "https://api-gateway-staging.drcedirect.com/",
        "distScoreDirectUrl": "http://dccdtsd002/distributedScoringService/rtmData",
        "ideasEndpoint": "https://ideasweb-staging.drcedirect.com/stg.ideas",
        "oicService": "http://dcwhscT001:8080/",
        "onlineScoringService": "https://eca-online-scoring-api-stg.awcl.drcedirect-le.com",
        "rtmService": "https://rtm-service-stg.drcedirect-le.com",
        "securityContextService": "http://securitycontextservice-stg.datarecognitioncorp.com/securitycontextservice",
        "udbService": "http://iatudb-stg.datarecognitioncorp.com/iatudbservice",

        "ecaCredentialsJson": "overridden by response handling code",
        "ecaBearer": "overridden by response handling code",
        "envAbbr": "stg",
        "envName": "staging",
        "my-var": "my-stg-value"
    },

    "production": {
        "apiGatewayCloudUrl": "https://api-gateway-cloud.drcedirect.com",
        "apiGatewayUrl": "https://api-gateway.drcedirect.com/",
        "distScoreDirectUrl": "http://dccdtsd002/distributedScoringService/rtmData",
        "ideasEndpoint": "https://ideasweb.drcedirect.com/ideas",
        "oicService": "http://dcwhscP001:8080/",
        "onlineScoringService": "https://eca-online-scoring-api-dev.awcl.drcedirect-le.com",
        "rtmService": "https://rtm-service-dev.drcedirect-le.com",
        "securityContextService": "http://securitycontextservice-prod.datarecognitioncorp.com/securitycontextservice",
        "udbService": "http://iatudb-prod.datarecognitioncorp.com/iatudbservice",

        "ecaCredentialsJson": "overridden by response handling code",
        "ecaBearer": "overridden by response handling code",
        "envAbbr": "prod",
        "envName": "production",

        "my-var": "my-prod-value"
    }
}
