{
    "!comment": "Put private overrides here",

    "local": {
        "ecaCredentialsJson": "{ \"username\": \"gcoakley@datarecognitioncorp.com\", \"password\": \"Password.19.3\" }"
    },
    "development": {
        "ecaCredentialsJson": "{ \"username\": \"gcoakley@datarecognitioncorp.com\", \"password\": \"Password.19.3\" }"
    },
    "sqa": {
        "ecaCredentialsJson": "{ \"username\": \"gcoakley@datarecognitioncorp.com\", \"password\": \"Password.19.3\" }"
    },
    "staging": {
        "ecaCredentialsJson": "{ \"username\": \"gcoakley@datarecognitioncorp.com\", \"password\": \"2.20-Password\" }"
    },
    "production": {
        "ecaCredentialsJson": "{ \"username\": \"gcoakley@datarecognitioncorp.com\", \"password\": \"2.20-Password\" }"
    }
}
