<keymap version="1" name="Glen (based on Default)" parent="$default">
  <action id="Annotate">
    <keyboard-shortcut first-keystroke="shift alt n" />
  </action>
  <action id="Back">
    <keyboard-shortcut first-keystroke="ctrl alt left" />
    <mouse-shortcut keystroke="button4" />
    <keyboard-shortcut first-keystroke="alt comma" />
  </action>
  <action id="ChangesView.Move">
    <keyboard-shortcut first-keystroke="alt m" />
  </action>
  <action id="ChangesView.SetDefault">
    <keyboard-shortcut first-keystroke="shift ctrl s" />
  </action>
  <action id="Compare.LastVersion">
    <keyboard-shortcut first-keystroke="shift alt l" />
  </action>
  <action id="Compare.SameVersion">
    <keyboard-shortcut first-keystroke="shift alt s" />
  </action>
  <action id="EditorDuplicate">
    <keyboard-shortcut first-keystroke="ctrl alt 2" />
  </action>
  <action id="EditorSelectWord">
    <keyboard-shortcut first-keystroke="alt e" />
  </action>
  <action id="ForceRunToCursor" />
  <action id="Forward">
    <keyboard-shortcut first-keystroke="ctrl alt right" />
    <mouse-shortcut keystroke="button5" />
    <keyboard-shortcut first-keystroke="alt period" />
  </action>
  <action id="Git.CompareWithBranch">
    <keyboard-shortcut first-keystroke="shift alt b" />
  </action>
  <action id="Git.Fetch">
    <keyboard-shortcut first-keystroke="shift ctrl comma" />
  </action>
  <action id="Git.Pull">
    <keyboard-shortcut first-keystroke="shift alt k" />
  </action>
  <action id="InspectCode">
    <keyboard-shortcut first-keystroke="alt i" />
  </action>
  <action id="MakeModule">
    <keyboard-shortcut first-keystroke="ctrl alt f9" />
  </action>
  <action id="NextTab">
    <keyboard-shortcut first-keystroke="alt right" />
    <keyboard-shortcut first-keystroke="alt page_down" />
  </action>
  <action id="PreviousTab">
    <keyboard-shortcut first-keystroke="alt left" />
    <keyboard-shortcut first-keystroke="alt page_up" />
  </action>
  <action id="SwitchApply">
    <keyboard-shortcut first-keystroke="shift alt enter" />
  </action>
  <action id="SwitchDown">
    <keyboard-shortcut first-keystroke="shift alt down" />
  </action>
  <action id="SwitchLeft">
    <keyboard-shortcut first-keystroke="shift alt left" />
  </action>
  <action id="SwitchRight">
    <keyboard-shortcut first-keystroke="shift alt right" />
  </action>
  <action id="SwitchUp">
    <keyboard-shortcut first-keystroke="shift alt up" />
  </action>
  <action id="Vcs.MoveChangedLinesToChangelist">
    <keyboard-shortcut first-keystroke="shift alt m" />
  </action>
  <action id="Vcs.ShowHistoryForBlock">
    <keyboard-shortcut first-keystroke="shift ctrl y" />
  </action>
  <action id="Vcs.ShowTabbedFileHistory">
    <keyboard-shortcut first-keystroke="shift alt y" />
  </action>
</keymap>