<keymap version="1" name="IntelliJ IDEA Classic copy" parent="Mac OS X">
  <action id="$LRU">
    <keyboard-shortcut first-keystroke="shift meta o" />
  </action>
  <action id="ActivateCommitToolWindow">
    <keyboard-shortcut first-keystroke="meta 0" />
    <keyboard-shortcut first-keystroke="shift meta 1" />
  </action>
  <action id="ActivateMessagesToolWindow" />
  <action id="Annotate">
    <keyboard-shortcut first-keystroke="shift meta g" second-keystroke="a" />
  </action>
  <action id="Arrangement.Rule.Match.Condition.Move.Down" />
  <action id="Arrangement.Rule.Match.Condition.Move.Up" />
  <action id="ChangesView.SetDefault">
    <keyboard-shortcut first-keystroke="ctrl space" />
    <keyboard-shortcut first-keystroke="ctrl meta u" />
  </action>
  <action id="ChangesView.Shelve">
    <keyboard-shortcut first-keystroke="shift meta g" second-keystroke="v" />
  </action>
  <action id="CloseActiveTab">
    <keyboard-shortcut first-keystroke="alt f4" />
  </action>
  <action id="CloseProject">
    <keyboard-shortcut first-keystroke="shift meta f4" />
  </action>
  <action id="CollapseAllRegions">
    <keyboard-shortcut first-keystroke="shift meta minus" />
  </action>
  <action id="Compare.SameVersion">
    <keyboard-shortcut first-keystroke="shift meta g" second-keystroke="c" />
  </action>
  <action id="Compare.Selected">
    <keyboard-shortcut first-keystroke="shift meta g" second-keystroke="w" />
  </action>
  <action id="Coverage">
    <keyboard-shortcut first-keystroke="shift ctrl f11" />
  </action>
  <action id="Editor LRU">
    <keyboard-shortcut first-keystroke="shift meta o" />
  </action>
  <action id="EditorLookupDown" />
  <action id="EditorLookupUp" />
  <action id="EditorMatchBrace">
    <keyboard-shortcut first-keystroke="shift alt open_bracket" />
  </action>
  <action id="EditorPageDown">
    <keyboard-shortcut first-keystroke="page_down" />
    <keyboard-shortcut first-keystroke="alt down" />
  </action>
  <action id="EditorPageUp">
    <keyboard-shortcut first-keystroke="page_up" />
    <keyboard-shortcut first-keystroke="alt up" />
  </action>
  <action id="ExpandAllRegions">
    <keyboard-shortcut first-keystroke="shift meta equals" />
  </action>
  <action id="ExpandRegionRecursively">
    <keyboard-shortcut first-keystroke="meta alt add" />
    <keyboard-shortcut first-keystroke="shift meta alt equals" />
  </action>
  <action id="FindInPath">
    <keyboard-shortcut first-keystroke="shift ctrl f" />
    <keyboard-shortcut first-keystroke="shift meta f" />
  </action>
  <action id="Git.Branches">
    <keyboard-shortcut first-keystroke="shift meta g" second-keystroke="b" />
  </action>
  <action id="Git.Commit.And.Push.Executor">
    <keyboard-shortcut first-keystroke="meta alt k" />
    <keyboard-shortcut first-keystroke="meta quote" />
  </action>
  <action id="Git.CreateNewBranch">
    <keyboard-shortcut first-keystroke="shift meta g" second-keystroke="n" />
  </action>
  <action id="Git.Fetch">
    <keyboard-shortcut first-keystroke="shift meta g" second-keystroke="f" />
  </action>
  <action id="Git.Pull">
    <keyboard-shortcut first-keystroke="shift meta g" second-keystroke="d" />
    <keyboard-shortcut first-keystroke="shift alt k" />
  </action>
  <action id="Git.Stash">
    <keyboard-shortcut first-keystroke="shift meta g" second-keystroke="x" />
  </action>
  <action id="Git.Unstash">
    <keyboard-shortcut first-keystroke="shift meta g" second-keystroke="z" />
  </action>
  <action id="Github.Create.Pull.Request">
    <keyboard-shortcut first-keystroke="shift meta g" second-keystroke="r" />
  </action>
  <action id="Github.View.Pull.Request">
    <keyboard-shortcut first-keystroke="shift meta g" second-keystroke="p" />
  </action>
  <action id="GotoAction">
    <keyboard-shortcut first-keystroke="shift ctrl a" />
    <keyboard-shortcut first-keystroke="shift meta a" />
  </action>
  <action id="LocalHistory">
    <keyboard-shortcut first-keystroke="shift meta l" second-keystroke="h" />
  </action>
  <action id="MethodDown" />
  <action id="MethodUp" />
  <action id="NewFile">
    <keyboard-shortcut first-keystroke="ctrl meta n" />
  </action>
  <action id="NewProjectFromVCS">
    <keyboard-shortcut first-keystroke="shift meta g" second-keystroke="g" />
  </action>
  <action id="OpenFile">
    <keyboard-shortcut first-keystroke="alt o" />
  </action>
  <action id="Refresh" />
  <action id="ReplaceInPath">
    <keyboard-shortcut first-keystroke="shift ctrl r" />
    <keyboard-shortcut first-keystroke="shift meta r" />
  </action>
  <action id="Rerun">
    <keyboard-shortcut first-keystroke="alt f5" />
  </action>
  <action id="RerunFailedTests">
    <keyboard-shortcut first-keystroke="ctrl alt f5" />
  </action>
  <action id="ShowContent" />
  <action id="TogglePowerSave">
    <keyboard-shortcut first-keystroke="shift ctrl alt p" />
  </action>
  <action id="Tool_External Tools_Jasmine - Debug Test">
    <keyboard-shortcut first-keystroke="shift meta alt f9" />
  </action>
  <action id="Tool_External Tools_Jasmine - Debug Unit Test">
    <keyboard-shortcut first-keystroke="shift meta alt f9" />
  </action>
  <action id="Tool_External Tools_Jasmine - Debug single Unit Test">
    <keyboard-shortcut first-keystroke="shift meta alt f9" />
  </action>
  <action id="Tool_External Tools_Jasmine - Run Single Unit Test">
    <keyboard-shortcut first-keystroke="shift meta alt f10" />
  </action>
  <action id="Tool_External Tools_Jasmine - Run Test">
    <keyboard-shortcut first-keystroke="shift meta alt f10" />
  </action>
  <action id="Tool_External Tools_Jasmine - Run Unit Test">
    <keyboard-shortcut first-keystroke="shift meta alt f10" />
  </action>
  <action id="Tool_External Tools_Jasmine - Run single Unit Test">
    <keyboard-shortcut first-keystroke="shift meta alt f10" />
  </action>
  <action id="Tool_External Tools_Jasmine - Single Test">
    <keyboard-shortcut first-keystroke="shift meta f5" />
    <keyboard-shortcut first-keystroke="shift meta alt f10" />
  </action>
  <action id="Vcs.Push">
    <keyboard-shortcut first-keystroke="shift meta k" />
    <keyboard-shortcut first-keystroke="shift meta g" second-keystroke="u" />
  </action>
  <action id="Vcs.ShowHistoryForBlock">
    <keyboard-shortcut first-keystroke="shift meta g" second-keystroke="y" />
  </action>
  <action id="Vcs.ShowTabbedFileHistory">
    <keyboard-shortcut first-keystroke="shift meta g" second-keystroke="h" />
  </action>
</keymap>