<toolSet name="External Tools">
  <tool name="Jasmine - Run Unit Test" showInMainMenu="false" showInEditor="false" showInProject="false" showInSearchPopup="false" disabled="false" useConsole="true" showConsoleOnStdOut="false" showConsoleOnStdErr="false" synchronizeAfterRun="false">
    <exec>
      <option name="COMMAND" value="node_modules/.bin/ts-node" />
      <option name="PARAMETERS" value="node_modules/jasmine/bin/jasmine.js --config=spec/unit/jasmine.json $FilePathRelativeToProjectRoot$" />
      <option name="WORKING_DIRECTORY" value="$ProjectFileDir$" />
    </exec>
  </tool>
  <tool name="Jasmine - Debug Unit Test" showInMainMenu="false" showInEditor="false" showInProject="false" showInSearchPopup="false" disabled="false" useConsole="true" showConsoleOnStdOut="false" showConsoleOnStdErr="false" synchronizeAfterRun="false">
    <exec>
      <option name="COMMAND" value="node_modules/.bin/ts-node" />
      <option name="PARAMETERS" value="--inspect-brk node_modules/jasmine/bin/jasmine.js --config=spec/unit/jasmine.json $FilePathRelativeToProjectRoot$" />
      <option name="WORKING_DIRECTORY" value="$ProjectFileDir$" />
    </exec>
  </tool>
  <tool name="Remove temp. files" showInMainMenu="false" showInEditor="false" showInProject="false" showInSearchPopup="false" disabled="false" useConsole="true" showConsoleOnStdOut="false" showConsoleOnStdErr="true" synchronizeAfterRun="true">
    <exec>
      <option name="COMMAND" value="bash" />
      <option name="PARAMETERS" value="-c &quot;rm -rf ./.tmp/ rm -rf s3tmp/form-recognition-images-dev/*/scans/; mkdir .tmp&quot;" />
      <option name="WORKING_DIRECTORY" value="$ProjectFileDir$" />
    </exec>
  </tool>
  <tool name="Compile Typescript" description="Compiles the project's Typescript." showInMainMenu="false" showInEditor="false" showInProject="false" showInSearchPopup="false" disabled="false" useConsole="true" showConsoleOnStdOut="false" showConsoleOnStdErr="false" synchronizeAfterRun="true">
    <exec>
      <option name="COMMAND" value="./node_modules/.bin/tsc" />
      <option name="PARAMETERS" />
      <option name="WORKING_DIRECTORY" value="$ProjectFileDir$" />
    </exec>
  </tool>
</toolSet>