<application>
  <component name="libraryTable">
    <library name="grails-2.4">
      <CLASSES>
        <root url="file://$USER_HOME$/dev/lib/grails-2.4.5" />
      </CLASSES>
      <JAVADOC>
        <root url="file://$USER_HOME$/dev/lib/grails-2.4.5" />
      </JAVADOC>
      <SOURCES>
        <root url="file://$USER_HOME$/dev/lib/grails-2.4.5" />
      </SOURCES>
      <jarDirectory url="file://$USER_HOME$/dev/lib/grails-2.4.5" recursive="false" />
      <jarDirectory url="file://$USER_HOME$/dev/lib/grails-2.4.5" recursive="false" type="SOURCES" />
    </library>
    <library name="grails-2.4.5_dist-dir">
      <CLASSES>
        <root url="file://$USER_HOME$/dev/lib/grails-2.4.5/dist" />
      </CLASSES>
      <JAVADOC />
      <SOURCES>
        <root url="file://$USER_HOME$/dev/lib/grails-2.4.5/dist" />
      </SOURCES>
      <jarDirectory url="file://$USER_HOME$/dev/lib/grails-2.4.5/dist" recursive="false" />
      <jarDirectory url="file://$USER_HOME$/dev/lib/grails-2.4.5/dist" recursive="false" type="SOURCES" />
    </library>
    <library name="grails-aether-2.4.5_dist-libs">
      <CLASSES>
        <root url="jar://$USER_HOME$/dev/lib/grails-2.4.5/dist/grails-aether-2.4.5.jar!/" />
        <root url="jar://$USER_HOME$/dev/lib/grails-2.4.5/dist/grails-async-2.4.5.jar!/" />
        <root url="jar://$USER_HOME$/dev/lib/grails-2.4.5/dist/grails-bootstrap-2.4.5.jar!/" />
        <root url="jar://$USER_HOME$/dev/lib/grails-2.4.5/dist/grails-core-2.4.5.jar!/" />
        <root url="jar://$USER_HOME$/dev/lib/grails-2.4.5/dist/grails-databinding-2.4.5.jar!/" />
        <root url="jar://$USER_HOME$/dev/lib/grails-2.4.5/dist/grails-docs-2.4.5.jar!/" />
        <root url="jar://$USER_HOME$/dev/lib/grails-2.4.5/dist/grails-encoder-2.4.5.jar!/" />
        <root url="jar://$USER_HOME$/dev/lib/grails-2.4.5/dist/grails-logging-2.4.5.jar!/" />
        <root url="jar://$USER_HOME$/dev/lib/grails-2.4.5/dist/grails-plugin-async-2.4.5.jar!/" />
        <root url="jar://$USER_HOME$/dev/lib/grails-2.4.5/dist/grails-plugin-codecs-2.4.5.jar!/" />
        <root url="jar://$USER_HOME$/dev/lib/grails-2.4.5/dist/grails-plugin-controllers-2.4.5.jar!/" />
        <root url="jar://$USER_HOME$/dev/lib/grails-2.4.5/dist/grails-plugin-converters-2.4.5.jar!/" />
        <root url="jar://$USER_HOME$/dev/lib/grails-2.4.5/dist/grails-plugin-databinding-2.4.5.jar!/" />
        <root url="jar://$USER_HOME$/dev/lib/grails-2.4.5/dist/grails-plugin-datasource-2.4.5.jar!/" />
        <root url="jar://$USER_HOME$/dev/lib/grails-2.4.5/dist/grails-plugin-domain-class-2.4.5.jar!/" />
        <root url="jar://$USER_HOME$/dev/lib/grails-2.4.5/dist/grails-plugin-filters-2.4.5.jar!/" />
        <root url="jar://$USER_HOME$/dev/lib/grails-2.4.5/dist/grails-plugin-gsp-2.4.5.jar!/" />
        <root url="jar://$USER_HOME$/dev/lib/grails-2.4.5/dist/grails-plugin-i18n-2.4.5.jar!/" />
        <root url="jar://$USER_HOME$/dev/lib/grails-2.4.5/dist/grails-plugin-log4j-2.4.5.jar!/" />
        <root url="jar://$USER_HOME$/dev/lib/grails-2.4.5/dist/grails-plugin-mimetypes-2.4.5.jar!/" />
        <root url="jar://$USER_HOME$/dev/lib/grails-2.4.5/dist/grails-plugin-rest-2.4.5.jar!/" />
        <root url="jar://$USER_HOME$/dev/lib/grails-2.4.5/dist/grails-plugin-services-2.4.5.jar!/" />
        <root url="jar://$USER_HOME$/dev/lib/grails-2.4.5/dist/grails-plugin-servlets-2.4.5.jar!/" />
        <root url="jar://$USER_HOME$/dev/lib/grails-2.4.5/dist/grails-plugin-testing-2.4.5.jar!/" />
        <root url="jar://$USER_HOME$/dev/lib/grails-2.4.5/dist/grails-plugin-url-mappings-2.4.5.jar!/" />
        <root url="jar://$USER_HOME$/dev/lib/grails-2.4.5/dist/grails-plugin-validation-2.4.5.jar!/" />
        <root url="jar://$USER_HOME$/dev/lib/grails-2.4.5/dist/grails-project-api-2.4.5.jar!/" />
        <root url="jar://$USER_HOME$/dev/lib/grails-2.4.5/dist/grails-scripts-2.4.5.jar!/" />
        <root url="jar://$USER_HOME$/dev/lib/grails-2.4.5/dist/grails-spring-2.4.5.jar!/" />
        <root url="jar://$USER_HOME$/dev/lib/grails-2.4.5/dist/grails-test-2.4.5.jar!/" />
        <root url="jar://$USER_HOME$/dev/lib/grails-2.4.5/dist/grails-validation-2.4.5.jar!/" />
        <root url="jar://$USER_HOME$/dev/lib/grails-2.4.5/dist/grails-web-2.4.5.jar!/" />
        <root url="jar://$USER_HOME$/dev/lib/grails-2.4.5/dist/grails-web-common-2.4.5.jar!/" />
        <root url="jar://$USER_HOME$/dev/lib/grails-2.4.5/dist/grails-web-databinding-2.4.5.jar!/" />
        <root url="jar://$USER_HOME$/dev/lib/grails-2.4.5/dist/grails-web-databinding-spring-2.4.5.jar!/" />
        <root url="jar://$USER_HOME$/dev/lib/grails-2.4.5/dist/grails-web-fileupload-2.4.5.jar!/" />
        <root url="jar://$USER_HOME$/dev/lib/grails-2.4.5/dist/grails-web-gsp-2.4.5.jar!/" />
        <root url="jar://$USER_HOME$/dev/lib/grails-2.4.5/dist/grails-web-gsp-taglib-2.4.5.jar!/" />
        <root url="jar://$USER_HOME$/dev/lib/grails-2.4.5/dist/grails-web-jsp-2.4.5.jar!/" />
        <root url="jar://$USER_HOME$/dev/lib/grails-2.4.5/dist/grails-web-mvc-2.4.5.jar!/" />
        <root url="jar://$USER_HOME$/dev/lib/grails-2.4.5/dist/grails-web-sitemesh-2.4.5.jar!/" />
        <root url="jar://$USER_HOME$/dev/lib/grails-2.4.5/dist/grails-web-url-mappings-2.4.5.jar!/" />
      </CLASSES>
      <JAVADOC>
        <root url="jar://$USER_HOME$/dev/lib/grails-2.4.5/dist/grails-async-2.4.5-javadoc.jar!/" />
        <root url="jar://$USER_HOME$/dev/lib/grails-2.4.5/dist/grails-bootstrap-2.4.5-javadoc.jar!/" />
        <root url="jar://$USER_HOME$/dev/lib/grails-2.4.5/dist/grails-core-2.4.5-javadoc.jar!/" />
        <root url="jar://$USER_HOME$/dev/lib/grails-2.4.5/dist/grails-databinding-2.4.5-javadoc.jar!/" />
        <root url="jar://$USER_HOME$/dev/lib/grails-2.4.5/dist/grails-docs-2.4.5-javadoc.jar!/" />
        <root url="jar://$USER_HOME$/dev/lib/grails-2.4.5/dist/grails-encoder-2.4.5-javadoc.jar!/" />
        <root url="jar://$USER_HOME$/dev/lib/grails-2.4.5/dist/grails-logging-2.4.5-javadoc.jar!/" />
        <root url="jar://$USER_HOME$/dev/lib/grails-2.4.5/dist/grails-plugin-async-2.4.5-javadoc.jar!/" />
        <root url="jar://$USER_HOME$/dev/lib/grails-2.4.5/dist/grails-plugin-codecs-2.4.5-javadoc.jar!/" />
        <root url="jar://$USER_HOME$/dev/lib/grails-2.4.5/dist/grails-plugin-controllers-2.4.5-javadoc.jar!/" />
        <root url="jar://$USER_HOME$/dev/lib/grails-2.4.5/dist/grails-plugin-converters-2.4.5-javadoc.jar!/" />
        <root url="jar://$USER_HOME$/dev/lib/grails-2.4.5/dist/grails-plugin-datasource-2.4.5-javadoc.jar!/" />
        <root url="jar://$USER_HOME$/dev/lib/grails-2.4.5/dist/grails-plugin-domain-class-2.4.5-javadoc.jar!/" />
        <root url="jar://$USER_HOME$/dev/lib/grails-2.4.5/dist/grails-plugin-filters-2.4.5-javadoc.jar!/" />
        <root url="jar://$USER_HOME$/dev/lib/grails-2.4.5/dist/grails-plugin-gsp-2.4.5-javadoc.jar!/" />
        <root url="jar://$USER_HOME$/dev/lib/grails-2.4.5/dist/grails-plugin-log4j-2.4.5-javadoc.jar!/" />
        <root url="jar://$USER_HOME$/dev/lib/grails-2.4.5/dist/grails-plugin-mimetypes-2.4.5-javadoc.jar!/" />
        <root url="jar://$USER_HOME$/dev/lib/grails-2.4.5/dist/grails-plugin-testing-2.4.5-javadoc.jar!/" />
        <root url="jar://$USER_HOME$/dev/lib/grails-2.4.5/dist/grails-plugin-url-mappings-2.4.5-javadoc.jar!/" />
        <root url="jar://$USER_HOME$/dev/lib/grails-2.4.5/dist/grails-plugin-validation-2.4.5-javadoc.jar!/" />
        <root url="jar://$USER_HOME$/dev/lib/grails-2.4.5/dist/grails-project-api-2.4.5-javadoc.jar!/" />
        <root url="jar://$USER_HOME$/dev/lib/grails-2.4.5/dist/grails-spring-2.4.5-javadoc.jar!/" />
        <root url="jar://$USER_HOME$/dev/lib/grails-2.4.5/dist/grails-test-2.4.5-javadoc.jar!/" />
        <root url="jar://$USER_HOME$/dev/lib/grails-2.4.5/dist/grails-validation-2.4.5-javadoc.jar!/" />
        <root url="jar://$USER_HOME$/dev/lib/grails-2.4.5/dist/grails-web-2.4.5-javadoc.jar!/" />
        <root url="jar://$USER_HOME$/dev/lib/grails-2.4.5/dist/grails-web-common-2.4.5-javadoc.jar!/" />
        <root url="jar://$USER_HOME$/dev/lib/grails-2.4.5/dist/grails-web-databinding-2.4.5-javadoc.jar!/" />
        <root url="jar://$USER_HOME$/dev/lib/grails-2.4.5/dist/grails-web-databinding-spring-2.4.5-javadoc.jar!/" />
        <root url="jar://$USER_HOME$/dev/lib/grails-2.4.5/dist/grails-web-fileupload-2.4.5-javadoc.jar!/" />
        <root url="jar://$USER_HOME$/dev/lib/grails-2.4.5/dist/grails-web-gsp-2.4.5-javadoc.jar!/" />
        <root url="jar://$USER_HOME$/dev/lib/grails-2.4.5/dist/grails-web-gsp-taglib-2.4.5-javadoc.jar!/" />
        <root url="jar://$USER_HOME$/dev/lib/grails-2.4.5/dist/grails-web-jsp-2.4.5-javadoc.jar!/" />
        <root url="jar://$USER_HOME$/dev/lib/grails-2.4.5/dist/grails-web-mvc-2.4.5-javadoc.jar!/" />
        <root url="jar://$USER_HOME$/dev/lib/grails-2.4.5/dist/grails-web-sitemesh-2.4.5-javadoc.jar!/" />
        <root url="jar://$USER_HOME$/dev/lib/grails-2.4.5/dist/grails-web-url-mappings-2.4.5-javadoc.jar!/" />
        <root url="jar://$USER_HOME$/dev/lib/grails-2.4.5/dist/grails-wrapper-2.4.5-javadoc.jar!/" />
      </JAVADOC>
      <SOURCES>
        <root url="jar://$USER_HOME$/dev/lib/grails-2.4.5/dist/grails-async-2.4.5-sources.jar!/" />
        <root url="jar://$USER_HOME$/dev/lib/grails-2.4.5/dist/grails-bootstrap-2.4.5-sources.jar!/" />
        <root url="jar://$USER_HOME$/dev/lib/grails-2.4.5/dist/grails-core-2.4.5-sources.jar!/" />
        <root url="jar://$USER_HOME$/dev/lib/grails-2.4.5/dist/grails-databinding-2.4.5-sources.jar!/" />
        <root url="jar://$USER_HOME$/dev/lib/grails-2.4.5/dist/grails-docs-2.4.5-sources.jar!/" />
        <root url="jar://$USER_HOME$/dev/lib/grails-2.4.5/dist/grails-encoder-2.4.5-sources.jar!/" />
        <root url="jar://$USER_HOME$/dev/lib/grails-2.4.5/dist/grails-logging-2.4.5-sources.jar!/" />
        <root url="jar://$USER_HOME$/dev/lib/grails-2.4.5/dist/grails-plugin-async-2.4.5-sources.jar!/" />
        <root url="jar://$USER_HOME$/dev/lib/grails-2.4.5/dist/grails-plugin-codecs-2.4.5-sources.jar!/" />
        <root url="jar://$USER_HOME$/dev/lib/grails-2.4.5/dist/grails-plugin-controllers-2.4.5-sources.jar!/" />
        <root url="jar://$USER_HOME$/dev/lib/grails-2.4.5/dist/grails-plugin-converters-2.4.5-sources.jar!/" />
        <root url="jar://$USER_HOME$/dev/lib/grails-2.4.5/dist/grails-plugin-datasource-2.4.5-sources.jar!/" />
        <root url="jar://$USER_HOME$/dev/lib/grails-2.4.5/dist/grails-plugin-domain-class-2.4.5-sources.jar!/" />
        <root url="jar://$USER_HOME$/dev/lib/grails-2.4.5/dist/grails-plugin-filters-2.4.5-sources.jar!/" />
        <root url="jar://$USER_HOME$/dev/lib/grails-2.4.5/dist/grails-plugin-gsp-2.4.5-sources.jar!/" />
        <root url="jar://$USER_HOME$/dev/lib/grails-2.4.5/dist/grails-plugin-log4j-2.4.5-sources.jar!/" />
        <root url="jar://$USER_HOME$/dev/lib/grails-2.4.5/dist/grails-plugin-mimetypes-2.4.5-sources.jar!/" />
        <root url="jar://$USER_HOME$/dev/lib/grails-2.4.5/dist/grails-plugin-testing-2.4.5-sources.jar!/" />
        <root url="jar://$USER_HOME$/dev/lib/grails-2.4.5/dist/grails-plugin-url-mappings-2.4.5-sources.jar!/" />
        <root url="jar://$USER_HOME$/dev/lib/grails-2.4.5/dist/grails-plugin-validation-2.4.5-sources.jar!/" />
        <root url="jar://$USER_HOME$/dev/lib/grails-2.4.5/dist/grails-project-api-2.4.5-sources.jar!/" />
        <root url="jar://$USER_HOME$/dev/lib/grails-2.4.5/dist/grails-spring-2.4.5-sources.jar!/" />
        <root url="jar://$USER_HOME$/dev/lib/grails-2.4.5/dist/grails-test-2.4.5-sources.jar!/" />
        <root url="jar://$USER_HOME$/dev/lib/grails-2.4.5/dist/grails-validation-2.4.5-sources.jar!/" />
        <root url="jar://$USER_HOME$/dev/lib/grails-2.4.5/dist/grails-web-2.4.5-sources.jar!/" />
        <root url="jar://$USER_HOME$/dev/lib/grails-2.4.5/dist/grails-web-common-2.4.5-sources.jar!/" />
        <root url="jar://$USER_HOME$/dev/lib/grails-2.4.5/dist/grails-web-databinding-2.4.5-sources.jar!/" />
        <root url="jar://$USER_HOME$/dev/lib/grails-2.4.5/dist/grails-web-databinding-spring-2.4.5-sources.jar!/" />
        <root url="jar://$USER_HOME$/dev/lib/grails-2.4.5/dist/grails-web-fileupload-2.4.5-sources.jar!/" />
        <root url="jar://$USER_HOME$/dev/lib/grails-2.4.5/dist/grails-web-gsp-2.4.5-sources.jar!/" />
        <root url="jar://$USER_HOME$/dev/lib/grails-2.4.5/dist/grails-web-gsp-taglib-2.4.5-sources.jar!/" />
        <root url="jar://$USER_HOME$/dev/lib/grails-2.4.5/dist/grails-web-jsp-2.4.5-sources.jar!/" />
        <root url="jar://$USER_HOME$/dev/lib/grails-2.4.5/dist/grails-web-mvc-2.4.5-sources.jar!/" />
        <root url="jar://$USER_HOME$/dev/lib/grails-2.4.5/dist/grails-web-sitemesh-2.4.5-sources.jar!/" />
        <root url="jar://$USER_HOME$/dev/lib/grails-2.4.5/dist/grails-web-url-mappings-2.4.5-sources.jar!/" />
        <root url="jar://$USER_HOME$/dev/lib/grails-2.4.5/dist/grails-wrapper-2.4.5-sources.jar!/" />
      </SOURCES>
    </library>
    <library name="groovy-2.3.11_lib-dir">
      <CLASSES>
        <root url="file://$USER_HOME$/dev/lib/groovy-2.3.11/lib" />
      </CLASSES>
      <JAVADOC />
      <SOURCES />
      <jarDirectory url="file://$USER_HOME$/dev/lib/groovy-2.3.11/lib" recursive="false" />
    </library>
    <library name="groovy-2.3.11_lib-libs">
      <CLASSES>
        <root url="jar://$USER_HOME$/dev/lib/groovy-2.3.11/lib/ant-1.9.3.jar!/" />
        <root url="jar://$USER_HOME$/dev/lib/groovy-2.3.11/lib/ant-antlr-1.9.3.jar!/" />
        <root url="jar://$USER_HOME$/dev/lib/groovy-2.3.11/lib/ant-junit-1.9.3.jar!/" />
        <root url="jar://$USER_HOME$/dev/lib/groovy-2.3.11/lib/ant-launcher-1.9.3.jar!/" />
        <root url="jar://$USER_HOME$/dev/lib/groovy-2.3.11/lib/bsf-2.4.0.jar!/" />
        <root url="jar://$USER_HOME$/dev/lib/groovy-2.3.11/lib/commons-cli-1.2.jar!/" />
        <root url="jar://$USER_HOME$/dev/lib/groovy-2.3.11/lib/commons-logging-1.1.1.jar!/" />
        <root url="jar://$USER_HOME$/dev/lib/groovy-2.3.11/lib/gpars-1.2.1.jar!/" />
        <root url="jar://$USER_HOME$/dev/lib/groovy-2.3.11/lib/groovy-2.3.11.jar!/" />
        <root url="jar://$USER_HOME$/dev/lib/groovy-2.3.11/lib/groovy-ant-2.3.11.jar!/" />
        <root url="jar://$USER_HOME$/dev/lib/groovy-2.3.11/lib/groovy-bsf-2.3.11.jar!/" />
        <root url="jar://$USER_HOME$/dev/lib/groovy-2.3.11/lib/groovy-console-2.3.11.jar!/" />
        <root url="jar://$USER_HOME$/dev/lib/groovy-2.3.11/lib/groovy-docgenerator-2.3.11.jar!/" />
        <root url="jar://$USER_HOME$/dev/lib/groovy-2.3.11/lib/groovy-groovydoc-2.3.11.jar!/" />
        <root url="jar://$USER_HOME$/dev/lib/groovy-2.3.11/lib/groovy-groovysh-2.3.11.jar!/" />
        <root url="jar://$USER_HOME$/dev/lib/groovy-2.3.11/lib/groovy-jmx-2.3.11.jar!/" />
        <root url="jar://$USER_HOME$/dev/lib/groovy-2.3.11/lib/groovy-json-2.3.11.jar!/" />
        <root url="jar://$USER_HOME$/dev/lib/groovy-2.3.11/lib/groovy-jsr223-2.3.11.jar!/" />
        <root url="jar://$USER_HOME$/dev/lib/groovy-2.3.11/lib/groovy-nio-2.3.11.jar!/" />
        <root url="jar://$USER_HOME$/dev/lib/groovy-2.3.11/lib/groovy-servlet-2.3.11.jar!/" />
        <root url="jar://$USER_HOME$/dev/lib/groovy-2.3.11/lib/groovy-sql-2.3.11.jar!/" />
        <root url="jar://$USER_HOME$/dev/lib/groovy-2.3.11/lib/groovy-swing-2.3.11.jar!/" />
        <root url="jar://$USER_HOME$/dev/lib/groovy-2.3.11/lib/groovy-templates-2.3.11.jar!/" />
        <root url="jar://$USER_HOME$/dev/lib/groovy-2.3.11/lib/groovy-test-2.3.11.jar!/" />
        <root url="jar://$USER_HOME$/dev/lib/groovy-2.3.11/lib/groovy-testng-2.3.11.jar!/" />
        <root url="jar://$USER_HOME$/dev/lib/groovy-2.3.11/lib/groovy-xml-2.3.11.jar!/" />
        <root url="jar://$USER_HOME$/dev/lib/groovy-2.3.11/lib/hamcrest-core-1.3.jar!/" />
        <root url="jar://$USER_HOME$/dev/lib/groovy-2.3.11/lib/ivy-2.3.0.jar!/" />
        <root url="jar://$USER_HOME$/dev/lib/groovy-2.3.11/lib/jansi-1.11.jar!/" />
        <root url="jar://$USER_HOME$/dev/lib/groovy-2.3.11/lib/jcommander-1.35.jar!/" />
        <root url="jar://$USER_HOME$/dev/lib/groovy-2.3.11/lib/jline-2.11.jar!/" />
        <root url="jar://$USER_HOME$/dev/lib/groovy-2.3.11/lib/jsp-api-2.0.jar!/" />
        <root url="jar://$USER_HOME$/dev/lib/groovy-2.3.11/lib/jsr166y-1.7.0.jar!/" />
        <root url="jar://$USER_HOME$/dev/lib/groovy-2.3.11/lib/junit-4.11.jar!/" />
        <root url="jar://$USER_HOME$/dev/lib/groovy-2.3.11/lib/multiverse-core-0.7.0.jar!/" />
        <root url="jar://$USER_HOME$/dev/lib/groovy-2.3.11/lib/qdox-1.12.1.jar!/" />
        <root url="jar://$USER_HOME$/dev/lib/groovy-2.3.11/lib/servlet-api-2.4.jar!/" />
        <root url="jar://$USER_HOME$/dev/lib/groovy-2.3.11/lib/testng-6.8.8.jar!/" />
        <root url="jar://$USER_HOME$/dev/lib/groovy-2.3.11/lib/xmlpull-1.1.3.1.jar!/" />
        <root url="jar://$USER_HOME$/dev/lib/groovy-2.3.11/lib/xstream-1.4.7.jar!/" />
      </CLASSES>
      <JAVADOC />
      <SOURCES />
    </library>
  </component>
</application>