<application>
  <component name="FileTypeManager" version="17">
    <extensionMap>
      <mapping pattern="dynamoApiXray.spec.ts" type="AspectJ" />
      <mapping pattern="Jenkinsfile" type="Groovy" />
      <mapping ext="web-ui" type="Groovy" />
      <mapping pattern="grails" type="PLAIN_TEXT" />
      <mapping pattern="common" type="PLAIN_TEXT" />
      <mapping pattern="ECA_Endpoints.ts" type="PLAIN_TEXT" />
      <mapping pattern="DrcLibraryPipelineTestAdapter" type="PLAIN_TEXT" />
      <mapping pattern="Gulpfile" type="PLAIN_TEXT" />
      <mapping pattern="CONTRIBUTERS" type="PLAIN_TEXT" />
      <mapping pattern="eca-get-user-gcoakley-sqa" type="PLAIN_TEXT" />
      <mapping pattern="CODEOWNERS" type="PLAIN_TEXT" />
      <mapping pattern="a" type="PLAIN_TEXT" />
      <mapping ext="real" type="PLAIN_TEXT" />
      <mapping ext="grails-script" type="PLAIN_TEXT" />
      <mapping ext="form-rec" type="PLAIN_TEXT" />
      <mapping ext="out" type="PLAIN_TEXT" />
      <removed_mapping ext="bat" approved="true" type="PLAIN_TEXT" />
      <removed_mapping ext="cmd" approved="true" type="PLAIN_TEXT" />
      <mapping pattern="TemporaryImageFileWriter.ts" type="TypeScript" />
      <mapping ext="tx" type="TypeScript" />
      <mapping pattern="drc-global.yml" type="YAML" />
      <removed_mapping ext="bat" approved="true" type="PLAIN_TEXT" />
      <removed_mapping ext="log" approved="true" type="PLAIN_TEXT" />
      <removed_mapping pattern="HelloLibrarySpec.groovy" approved="true" type="PLAIN_TEXT" />
      <removed_mapping ext="dockerfile" approved="true" type="textmate" />
      <removed_mapping ext="makefile" approved="true" type="textmate" />
      <removed_mapping ext="cmd" approved="true" type="PLAIN_TEXT" />
      <removed_mapping ext="snakefile" approved="true" type="textmate" />
    </extensionMap>
  </component>
</application>