<application>
  <component name="FindSettings">
    <option name="customScope" value="All Places" />
    <option name="defaultScopeName" value="All Places" />
    <option name="skipResultsWithOneUsage" value="true" />
    <option name="SKIP_RESULTS_WHEN_ONE_USAGE" value="true" />
    <option name="SEARCH_SCOPE" value="All Places" />
    <mask>*html</mask>
    <mask>itemEdit*.js</mask>
    <mask>*.js</mask>
    <mask>add.jsp, edit.jsp</mask>
    <mask>add.gsp, edit.gsp</mask>
    <mask>IAT*.js</mask>
    <mask>*.ts, *.js</mask>
    <mask>*.md</mask>
    <mask>app-config.groovy</mask>
    <mask>Jenkinsfile</mask>
    <mask>*.gradle, *.properties</mask>
    <mask>*form*</mask>
    <mask>*.yml, *.yaml</mask>
    <mask>*gradle*</mask>
    <mask>*build*, *gradle*</mask>
    <mask>*.json</mask>
    <mask>*.spec.ts</mask>
    <mask>table.component.scss</mask>
    <mask>*dash*.?s</mask>
    <mask>*.?s, *.html</mask>
    <mask>*.yml</mask>
    <mask>*.?s</mask>
    <mask>blue*.?s</mask>
    <mask>*module.ts</mask>
    <mask>*table*.html</mask>
    <mask>*.html</mask>
    <mask>*model*.ts</mask>
    <mask>examLambda.spec.ts</mask>
    <mask>*.ts</mask>
    <mask>*.y*ml</mask>
  </component>
</application>