<application>
  <component name="ProjectManager">
    <defaultProject>
      <component name="CompilerConfiguration">
        <wildcardResourcePatterns>
          <entry name="!?*.java" />
          <entry name="!?*.form" />
          <entry name="!?*.class" />
          <entry name="!?*.groovy" />
          <entry name="!?*.scala" />
          <entry name="!?*.flex" />
          <entry name="!?*.kt" />
          <entry name="!?*.clj" />
        </wildcardResourcePatterns>
        <bytecodeTargetLevel target="1.7" />
      </component>
      <component name="Encoding">
        <file url="PROJECT" charset="UTF-8" />
      </component>
      <component name="Git.Settings">
        <option name="ROOT_SYNC" value="DONT_SYNC" />
      </component>
      <component name="GitSharedSettings">
        <option name="FORCE_PUSH_PROHIBITED_PATTERNS">
          <list>
            <option value="master" />
            <option value="release" />
          </list>
        </option>
      </component>
      <component name="GradleLocalSettings">
        <option name="modificationStamps">
          <map>
            <entry key="C:/d/wksp/iat/iatapp" value="2977475651649" />
            <entry key="C:/dev/wksp/iat_rob/iatapp" value="2975419052351" />
            <entry key="C:/git/CAT/CATService" value="4351112980374" />
            <entry key="C:/git/iat" value="1464110800773" />
            <entry key="C:/git/iat/iatapp" value="2928221593397" />
            <entry key="C:/git2/CAT" value="4347458101189" />
          </map>
        </option>
        <option name="projectSyncType">
          <map>
            <entry key="C:/dev/wksp/IAT" value="PREVIEW" />
          </map>
        </option>
      </component>
      <component name="GroovyCompilerProjectConfiguration">
        <option name="configScript" value="C:/dev/bin/groovy-sdk-2.3.3/conf/groovy-starter.conf" />
      </component>
      <component name="InspectionProjectProfileManager">
        <profile version="1.0">
          <option name="myName" value="Project Default" />
        </profile>
        <version value="1.0" />
      </component>
      <component name="IssueNavigationConfiguration">
        <option name="links">
          <list>
            <IssueNavigationLink>
              <option name="issueRegexp" value="IAT\-\d+" />
              <option name="linkRegexp" value="https://datarecognitioncorp.atlassian.net/browse/$0" />
            </IssueNavigationLink>
            <IssueNavigationLink>
              <option name="issueRegexp" value="TeamOne\-\d+" />
              <option name="linkRegexp" value="https://datarecognitioncorp.atlassian.net/browse/$0" />
            </IssueNavigationLink>
            <IssueNavigationLink>
              <option name="issueRegexp" value="IDEAS\-\d+" />
              <option name="linkRegexp" value="https://datarecognitioncorp.atlassian.net/browse/$0" />
            </IssueNavigationLink>
            <IssueNavigationLink>
              <option name="issueRegexp" value="[A-Z]+\-\d+" />
              <option name="linkRegexp" value="https://datarecognitioncorp.atlassian.net/browse/$0" />
            </IssueNavigationLink>
          </list>
        </option>
      </component>
      <component name="JavacSettings">
        <option name="ADDITIONAL_OPTIONS_STRING" value="-Xlint" />
      </component>
      <component name="JsBowerSettings">
        <node-interpreter value="project" />
        <bower-package value="C:/dev/runtime/npm_global_cache/node_modules/bower" />
        <bower.json value="" />
      </component>
      <component name="JsFlowSettings">
        <service-enabled>false</service-enabled>
        <exe-path />
        <other-services-enabled>false</other-services-enabled>
        <auto-save>true</auto-save>
      </component>
      <component name="ProjectCodeStyleConfiguration">
        <option name="PREFERRED_PROJECT_CODE_STYLE" value="Default" />
      </component>
      <component name="ProjectInspectionProfilesVisibleTreeState">
        <entry key="Project Default">
          <profile-state>
            <expanded-state>
              <State>
                <id />
              </State>
              <State>
                <id>Class structureJava</id>
              </State>
              <State>
                <id>Code maturity issuesJava</id>
              </State>
              <State>
                <id>Code style issuesJava</id>
              </State>
              <State>
                <id>Google Web Toolkit issues</id>
              </State>
              <State>
                <id>JUnit issuesJava</id>
              </State>
              <State>
                <id>Java</id>
              </State>
              <State>
                <id>Java 5Java language level migration aidsJava</id>
              </State>
              <State>
                <id>Java 7Java language level migration aidsJava</id>
              </State>
              <State>
                <id>Java 8Java language level migration aidsJava</id>
              </State>
              <State>
                <id>Java language level migration aidsJava</id>
              </State>
              <State>
                <id>Javadoc issuesJava</id>
              </State>
              <State>
                <id>Performance issuesJava</id>
              </State>
              <State>
                <id>Spring</id>
              </State>
              <State>
                <id>Spring AOPSpring</id>
              </State>
              <State>
                <id>Threading issuesJava</id>
              </State>
            </expanded-state>
            <selected-state>
              <State>
                <id>Ant inspections</id>
              </State>
            </selected-state>
          </profile-state>
        </entry>
      </component>
      <component name="ProjectRootManager" version="2" languageLevel="JDK_1_6" />
      <component name="ProjectViewState">
        <option name="autoscrollFromSource" value="true" />
        <option name="showExcludedFiles" value="true" />
        <option name="showLibraryContents" value="true" />
      </component>
      <component name="PropertiesComponent">
        <property name="GoToClass.includeLibraries" value="false" />
        <property name="GoToClass.toSaveIncludeLibraries" value="false" />
        <property name="GoToFile.includeJavaFiles" value="false" />
        <property name="MemberChooser.copyJavadoc" value="false" />
        <property name="MemberChooser.showClasses" value="true" />
        <property name="MemberChooser.sorted" value="false" />
        <property name="js.buildTools.grunt.grunt-cli.package" value="" />
        <property name="options.lastSelected" value="Groovy compiler" />
        <property name="options.splitter.details.proportions" value="0.2" />
        <property name="options.splitter.main.proportions" value="0.3" />
        <property name="project.structure.last.edited" value="SDKs" />
        <property name="project.structure.proportion" value="0.0" />
        <property name="project.structure.side.proportion" value="0.2" />
        <property name="settings.editor.selected.configurable" value="project.propCompiler" />
        <property name="settings.editor.splitter.proportion" value="0.24862888" />
      </component>
      <component name="RunDashboard">
        <option name="ruleStates">
          <list>
            <RuleState>
              <option name="name" value="ConfigurationTypeDashboardGroupingRule" />
            </RuleState>
            <RuleState>
              <option name="name" value="StatusDashboardGroupingRule" />
            </RuleState>
          </list>
        </option>
      </component>
      <component name="RunManager">
        <configuration default="true" type="GoogleAppEngineDevServer" factoryName="Local" ALTERNATIVE_JRE_ENABLED="false">
          <server-settings />
          <extension name="coverage" enabled="false" merge="false" sample_coverage="true" runner="idea" />
          <method />
        </configuration>
        <configuration default="true" type="TomeeConfiguration" factoryName="Local" ALTERNATIVE_JRE_ENABLED="false">
          <option name="OPEN_IN_BROWSER" value="false" />
          <option name="UPDATING_POLICY" value="restart-server" />
          <deployment />
          <server-settings>
            <option name="BASE_DIRECTORY_NAME" value="_Default_(Template)_Project_2" />
          </server-settings>
          <predefined_log_file id="Tomcat" enabled="true" />
          <predefined_log_file id="Tomcat Catalina" enabled="true" />
          <predefined_log_file id="Tomcat Manager" enabled="false" />
          <predefined_log_file id="Tomcat Host Manager" enabled="false" />
          <predefined_log_file id="Tomcat Localhost Access" enabled="false" />
          <extension name="coverage" enabled="false" merge="false" sample_coverage="true" runner="idea" />
          <RunnerSettings RunnerId="Debug">
            <option name="DEBUG_PORT" value="58532" />
          </RunnerSettings>
          <ConfigurationWrapper VM_VAR="JAVA_OPTS" RunnerId="Cover">
            <option name="USE_ENV_VARIABLES" value="true" />
            <STARTUP>
              <option name="USE_DEFAULT" value="true" />
              <option name="SCRIPT" value="" />
              <option name="VM_PARAMETERS" value="" />
              <option name="PROGRAM_PARAMETERS" value="" />
            </STARTUP>
            <SHUTDOWN>
              <option name="USE_DEFAULT" value="true" />
              <option name="SCRIPT" value="" />
              <option name="VM_PARAMETERS" value="" />
              <option name="PROGRAM_PARAMETERS" value="" />
            </SHUTDOWN>
          </ConfigurationWrapper>
          <ConfigurationWrapper VM_VAR="JAVA_OPTS" RunnerId="Debug">
            <option name="USE_ENV_VARIABLES" value="true" />
            <STARTUP>
              <option name="USE_DEFAULT" value="true" />
              <option name="SCRIPT" value="" />
              <option name="VM_PARAMETERS" value="" />
              <option name="PROGRAM_PARAMETERS" value="" />
            </STARTUP>
            <SHUTDOWN>
              <option name="USE_DEFAULT" value="true" />
              <option name="SCRIPT" value="" />
              <option name="VM_PARAMETERS" value="" />
              <option name="PROGRAM_PARAMETERS" value="" />
            </SHUTDOWN>
          </ConfigurationWrapper>
          <ConfigurationWrapper VM_VAR="JAVA_OPTS" RunnerId="Run">
            <option name="USE_ENV_VARIABLES" value="true" />
            <STARTUP>
              <option name="USE_DEFAULT" value="true" />
              <option name="SCRIPT" value="" />
              <option name="VM_PARAMETERS" value="" />
              <option name="PROGRAM_PARAMETERS" value="" />
            </STARTUP>
            <SHUTDOWN>
              <option name="USE_DEFAULT" value="true" />
              <option name="SCRIPT" value="" />
              <option name="VM_PARAMETERS" value="" />
              <option name="PROGRAM_PARAMETERS" value="" />
            </SHUTDOWN>
          </ConfigurationWrapper>
        </configuration>
        <configuration default="true" type="#com.intellij.j2ee.web.tomcat.TomcatRunConfigurationFactory" factoryName="Local" ALTERNATIVE_JRE_ENABLED="false">
          <option name="OPEN_IN_BROWSER" value="false" />
          <option name="UPDATING_POLICY" value="restart-server" />
          <deployment />
          <server-settings>
            <option name="BASE_DIRECTORY_NAME" value="_Default_(Template)_Project" />
          </server-settings>
          <predefined_log_file id="Tomcat" enabled="true" />
          <predefined_log_file id="Tomcat Catalina" enabled="true" />
          <predefined_log_file id="Tomcat Manager" enabled="false" />
          <predefined_log_file id="Tomcat Host Manager" enabled="false" />
          <predefined_log_file id="Tomcat Localhost Access" enabled="false" />
          <extension name="coverage" enabled="false" merge="false" sample_coverage="true" runner="idea" />
          <RunnerSettings RunnerId="Debug">
            <option name="DEBUG_PORT" value="58527" />
          </RunnerSettings>
          <ConfigurationWrapper VM_VAR="JAVA_OPTS" RunnerId="Cover">
            <option name="USE_ENV_VARIABLES" value="true" />
            <STARTUP>
              <option name="USE_DEFAULT" value="true" />
              <option name="SCRIPT" value="" />
              <option name="VM_PARAMETERS" value="" />
              <option name="PROGRAM_PARAMETERS" value="" />
            </STARTUP>
            <SHUTDOWN>
              <option name="USE_DEFAULT" value="true" />
              <option name="SCRIPT" value="" />
              <option name="VM_PARAMETERS" value="" />
              <option name="PROGRAM_PARAMETERS" value="" />
            </SHUTDOWN>
          </ConfigurationWrapper>
          <ConfigurationWrapper VM_VAR="JAVA_OPTS" RunnerId="Debug">
            <option name="USE_ENV_VARIABLES" value="true" />
            <STARTUP>
              <option name="USE_DEFAULT" value="true" />
              <option name="SCRIPT" value="" />
              <option name="VM_PARAMETERS" value="" />
              <option name="PROGRAM_PARAMETERS" value="" />
            </STARTUP>
            <SHUTDOWN>
              <option name="USE_DEFAULT" value="true" />
              <option name="SCRIPT" value="" />
              <option name="VM_PARAMETERS" value="" />
              <option name="PROGRAM_PARAMETERS" value="" />
            </SHUTDOWN>
          </ConfigurationWrapper>
          <ConfigurationWrapper VM_VAR="JAVA_OPTS" RunnerId="Run">
            <option name="USE_ENV_VARIABLES" value="true" />
            <STARTUP>
              <option name="USE_DEFAULT" value="true" />
              <option name="SCRIPT" value="" />
              <option name="VM_PARAMETERS" value="" />
              <option name="PROGRAM_PARAMETERS" value="" />
            </STARTUP>
            <SHUTDOWN>
              <option name="USE_DEFAULT" value="true" />
              <option name="SCRIPT" value="" />
              <option name="VM_PARAMETERS" value="" />
              <option name="PROGRAM_PARAMETERS" value="" />
            </SHUTDOWN>
          </ConfigurationWrapper>
        </configuration>
        <configuration default="true" type="Applet">
          <option name="POLICY_FILE" value="$APPLICATION_HOME_DIR$/bin/appletviewer.policy" />
          <method v="2">
            <option name="Make" enabled="true" />
          </method>
        </configuration>
        <configuration default="true" type="Application" factoryName="Application">
          <option name="WORKING_DIRECTORY" value="$PROJECT_DIR$" />
          <method v="2">
            <option name="Make" enabled="true" />
          </method>
        </configuration>
        <configuration default="true" type="GradleRunConfiguration" factoryName="Gradle">
          <ExternalSystemSettings>
            <option name="executionName" />
            <option name="externalProjectPath" value="" />
            <option name="externalSystemIdString" value="GRADLE" />
            <option name="scriptParameters" value="" />
            <option name="taskDescriptions">
              <list />
            </option>
            <option name="taskNames">
              <list />
            </option>
            <option name="vmOptions" value="" />
          </ExternalSystemSettings>
          <GradleScriptDebugEnabled>true</GradleScriptDebugEnabled>
          <method v="2" />
        </configuration>
        <configuration default="true" type="GrailsRunConfigurationType" factoryName="Grails">
          <setting name="vmparams" value="" />
          <setting name="cmdLine" value="run-app" />
          <setting name="passParentEnv" value="true" />
          <setting name="launchBrowser" value="true" />
          <setting name="launchBrowserUrl" value="" />
          <setting name="depsClasspath" value="false" />
          <method v="2" />
        </configuration>
        <configuration default="true" type="JUnit" factoryName="JUnit">
          <option name="TEST_OBJECT" value="class" />
          <option name="WORKING_DIRECTORY" value="$MODULE_DIR$" />
          <method v="2">
            <option name="Make" enabled="true" />
          </method>
        </configuration>
        <configuration default="true" type="Java Scratch">
          <option name="ALTERNATIVE_JRE_PATH" value="Java 1.7" />
          <option name="ALTERNATIVE_JRE_PATH_ENABLED" value="true" />
          <method v="2">
            <option name="Make" enabled="true" />
          </method>
        </configuration>
        <configuration default="true" type="js.build_tools.grunt">
          <node-interpreter value="$USER_HOME$/dev/bin/nvm/versions/node/v10.16.3/bin/node" />
          <envs />
          <method v="2" />
        </configuration>
      </component>
      <component name="VcsContentAnnotationSettings">
        <option name="myLimit" value="2678400000" />
      </component>
      <component name="masterDetails">
        <states>
          <state key="GlobalLibrariesConfigurable.UI">
            <settings>
              <last-edited>grails-2.4</last-edited>
              <splitter-proportions>
                <option name="proportions">
                  <list>
                    <option value="0.2" />
                  </list>
                </option>
              </splitter-proportions>
            </settings>
          </state>
          <state key="JdkListConfigurable.UI">
            <settings>
              <last-edited>Java 1.7</last-edited>
              <splitter-proportions>
                <option name="proportions">
                  <list>
                    <option value="0.2" />
                  </list>
                </option>
              </splitter-proportions>
            </settings>
          </state>
          <state key="ProjectJDKs.UI">
            <settings>
              <last-edited>JDK 1.8</last-edited>
              <splitter-proportions>
                <option name="proportions">
                  <list>
                    <option value="0.2" />
                  </list>
                </option>
              </splitter-proportions>
            </settings>
          </state>
          <state key="ProjectLibrariesConfigurable.UI">
            <settings>
              <splitter-proportions>
                <option name="proportions">
                  <list>
                    <option value="0.2" />
                  </list>
                </option>
              </splitter-proportions>
            </settings>
          </state>
          <state key="ScopeChooserConfigurable.UI">
            <settings>
              <splitter-proportions>
                <option name="proportions">
                  <list>
                    <option value="0.2" />
                  </list>
                </option>
              </splitter-proportions>
            </settings>
          </state>
        </states>
      </component>
    </defaultProject>
  </component>
</application>