{
	"info": {
		"_postman_id": "38fdce1e-fcbc-4b73-ac27-44c520d4e934",
		"name": "RTM",
		"schema": "https://schema.getpostman.com/json/collection/v2.1.0/collection.json"
	},
	"item": [
		{
			"name": "Create User",
			"request": {
				"method": "POST",
				"header": [
					{
						"key": "Authorization",
						"value": "Bearer {{Bearer}}",
						"type": "text",
						"disabled": true
					},
					{
						"key": "Content-Type",
						"name": "Content-Type",
						"value": "application/json",
						"type": "text"
					}
				],
				"body": {
					"mode": "raw",
					"raw": "{ \n\t\"email\": \"glen@drc.com\",\n\t\"firstName\": \"Glen\",\n\t\"lastName\": \"Coakley\",\n\t\"userType\": \"administrator\"\n}"
				},
				"url": {
					"raw": "https://rtm-service-dev.drcedirect-le.com/dev/users",
					"protocol": "https",
					"host": [
						"rtm-service-dev",
						"drcedirect-le",
						"com"
					],
					"path": [
						"dev",
						"users"
					]
				}
			},
			"response": []
		}
	]
}