<toolSet name="External Tools">
  <tool name="Jasmine - Run single Typescript Test" showInMainMenu="false" showInEditor="false" showInProject="false" showInSearchPopup="false" disabled="false" useConsole="true" showConsoleOnStdOut="false" showConsoleOnStdErr="false" synchronizeAfterRun="false">
    <exec>
      <option name="COMMAND" value="$USER_HOME$/dev/bin/nvm/versions/node/v10.19.0/bin/node" />
      <option name="PARAMETERS" value="-r ts-node/register node_modules/jasmine/bin/jasmine.js --config=spec/unit/jasmine.json --color $FilePathRelativeToProjectRoot$" />
      <option name="WORKING_DIRECTORY" value="$ProjectFileDir$" />
    </exec>
  </tool>
  <tool name="Jasmine - Debug single Typescript Test" showInMainMenu="false" showInEditor="false" showInProject="false" showInSearchPopup="false" disabled="false" useConsole="true" showConsoleOnStdOut="false" showConsoleOnStdErr="false" synchronizeAfterRun="false">
    <exec>
      <option name="COMMAND" value="$USER_HOME$/dev/bin/nvm/versions/node/v10.19.0/bin/node" />
      <option name="PARAMETERS" value="--inspect-brk -r ts-node/register node_modules/jasmine/bin/jasmine.js --config=spec/unit/jasmine.json --color $FilePathRelativeToProjectRoot$" />
      <option name="WORKING_DIRECTORY" value="$ProjectFileDir$" />
    </exec>
  </tool>
  <tool name="Jasmine - Run Typescript Tests under Directory" showInMainMenu="false" showInEditor="false" showInProject="false" showInSearchPopup="false" disabled="false" useConsole="true" showConsoleOnStdOut="false" showConsoleOnStdErr="false" synchronizeAfterRun="false">
    <exec>
      <option name="COMMAND" value="$NODE_PATH$" />
      <option name="PARAMETERS" value="-r ts-node/register node_modules/jasmine/bin/jasmine.js --config=spec/unit/jasmine.json --color $FilePathRelativeToProjectRoot$/**/*spec.ts" />
      <option name="WORKING_DIRECTORY" value="$ProjectFileDir$" />
    </exec>
  </tool>
  <tool name="Jasmine - Coverage for Typescript Tests" showInMainMenu="false" showInEditor="false" showInProject="false" showInSearchPopup="false" disabled="false" useConsole="true" showConsoleOnStdOut="false" showConsoleOnStdErr="false" synchronizeAfterRun="false">
    <exec>
      <option name="COMMAND" value="$USER_HOME$/dev/bin/nvm/versions/node/v10.19.0/bin/node" />
      <option name="PARAMETERS" value="-r ts-node/register node_modules/nyc/bin/nyc.js --no-clean node --trace-deprecation  node_modules/jasmine/bin/jasmine.js --config=spec/unit/jasmine.json --color" />
      <option name="WORKING_DIRECTORY" value="$ProjectFileDir$" />
    </exec>
  </tool>
  <tool name="Jasmine - Run single Typescript Test (common-service)" showInMainMenu="false" showInEditor="false" showInProject="false" showInSearchPopup="false" disabled="false" useConsole="true" showConsoleOnStdOut="false" showConsoleOnStdErr="false" synchronizeAfterRun="false">
    <exec>
      <option name="COMMAND" value="$NODE_PATH$" />
      <option name="PARAMETERS" value="-r ts-node/register node_modules/jasmine/bin/jasmine.js --config=config/jasmine.json --color $FilePathRelativeToProjectRoot$" />
      <option name="WORKING_DIRECTORY" value="$ProjectFileDir$" />
    </exec>
  </tool>
  <tool name="Jasmine - Debug single Typescript Test (common-service)" showInMainMenu="false" showInEditor="false" showInProject="false" showInSearchPopup="false" disabled="false" useConsole="true" showConsoleOnStdOut="false" showConsoleOnStdErr="false" synchronizeAfterRun="false">
    <exec>
      <option name="COMMAND" value="$NODE_PATH$" />
      <option name="PARAMETERS" value="--inspect-brk -r ts-node/register node_modules/jasmine/bin/jasmine.js --config=config/jasmine.json --color $FilePathRelativeToProjectRoot$" />
      <option name="WORKING_DIRECTORY" value="$ProjectFileDir$" />
    </exec>
  </tool>
  <tool name="Remove temp. files" showInMainMenu="false" showInEditor="false" showInProject="false" showInSearchPopup="false" disabled="false" useConsole="true" showConsoleOnStdOut="false" showConsoleOnStdErr="true" synchronizeAfterRun="true">
    <exec>
      <option name="COMMAND" value="bash" />
      <option name="PARAMETERS" value="-c &quot;rm -rf ./.tmp/ rm -rf s3tmp/form-recognition-images-dev/*/scans/; mkdir .tmp&quot;" />
      <option name="WORKING_DIRECTORY" value="$ProjectFileDir$" />
    </exec>
  </tool>
  <tool name="Compile Typescript" description="Compiles the project's Typescript." showInMainMenu="false" showInEditor="false" showInProject="false" showInSearchPopup="false" disabled="false" useConsole="true" showConsoleOnStdOut="false" showConsoleOnStdErr="false" synchronizeAfterRun="true">
    <exec>
      <option name="COMMAND" value="./node_modules/.bin/tsc" />
      <option name="PARAMETERS" />
      <option name="WORKING_DIRECTORY" value="$ProjectFileDir$" />
    </exec>
  </tool>
  <tool name="Show env" showInMainMenu="false" showInEditor="false" showInProject="false" showInSearchPopup="false" disabled="false" useConsole="true" showConsoleOnStdOut="false" showConsoleOnStdErr="false" synchronizeAfterRun="false">
    <exec>
      <option name="COMMAND" value="/usr/bin/env" />
      <option name="PARAMETERS" />
      <option name="WORKING_DIRECTORY" value="$ProjectFileDir$" />
    </exec>
  </tool>
</toolSet>