<application>
  <component name="libraryTable">
    <library name="grails-aether-2.4.5">
      <CLASSES>
        <root url="jar://C:/dev/bin/grails-2.4.5/dist/grails-aether-2.4.5.jar!/" />
        <root url="jar://C:/dev/bin/grails-2.4.5/dist/grails-async-2.4.5.jar!/" />
        <root url="jar://C:/dev/bin/grails-2.4.5/dist/grails-bootstrap-2.4.5.jar!/" />
        <root url="jar://C:/dev/bin/grails-2.4.5/dist/grails-core-2.4.5.jar!/" />
        <root url="jar://C:/dev/bin/grails-2.4.5/dist/grails-databinding-2.4.5.jar!/" />
        <root url="jar://C:/dev/bin/grails-2.4.5/dist/grails-docs-2.4.5.jar!/" />
        <root url="jar://C:/dev/bin/grails-2.4.5/dist/grails-encoder-2.4.5.jar!/" />
        <root url="jar://C:/dev/bin/grails-2.4.5/dist/grails-logging-2.4.5.jar!/" />
        <root url="jar://C:/dev/bin/grails-2.4.5/dist/grails-plugin-async-2.4.5.jar!/" />
        <root url="jar://C:/dev/bin/grails-2.4.5/dist/grails-plugin-codecs-2.4.5.jar!/" />
        <root url="jar://C:/dev/bin/grails-2.4.5/dist/grails-plugin-controllers-2.4.5.jar!/" />
        <root url="jar://C:/dev/bin/grails-2.4.5/dist/grails-plugin-converters-2.4.5.jar!/" />
        <root url="jar://C:/dev/bin/grails-2.4.5/dist/grails-plugin-databinding-2.4.5.jar!/" />
        <root url="jar://C:/dev/bin/grails-2.4.5/dist/grails-plugin-datasource-2.4.5.jar!/" />
        <root url="jar://C:/dev/bin/grails-2.4.5/dist/grails-plugin-domain-class-2.4.5.jar!/" />
        <root url="jar://C:/dev/bin/grails-2.4.5/dist/grails-plugin-filters-2.4.5.jar!/" />
        <root url="jar://C:/dev/bin/grails-2.4.5/dist/grails-plugin-gsp-2.4.5.jar!/" />
        <root url="jar://C:/dev/bin/grails-2.4.5/dist/grails-plugin-i18n-2.4.5.jar!/" />
        <root url="jar://C:/dev/bin/grails-2.4.5/dist/grails-plugin-log4j-2.4.5.jar!/" />
        <root url="jar://C:/dev/bin/grails-2.4.5/dist/grails-plugin-mimetypes-2.4.5.jar!/" />
        <root url="jar://C:/dev/bin/grails-2.4.5/dist/grails-plugin-rest-2.4.5.jar!/" />
        <root url="jar://C:/dev/bin/grails-2.4.5/dist/grails-plugin-services-2.4.5.jar!/" />
        <root url="jar://C:/dev/bin/grails-2.4.5/dist/grails-plugin-servlets-2.4.5.jar!/" />
        <root url="jar://C:/dev/bin/grails-2.4.5/dist/grails-plugin-testing-2.4.5.jar!/" />
        <root url="jar://C:/dev/bin/grails-2.4.5/dist/grails-plugin-url-mappings-2.4.5.jar!/" />
        <root url="jar://C:/dev/bin/grails-2.4.5/dist/grails-plugin-validation-2.4.5.jar!/" />
        <root url="jar://C:/dev/bin/grails-2.4.5/dist/grails-project-api-2.4.5.jar!/" />
        <root url="jar://C:/dev/bin/grails-2.4.5/dist/grails-scripts-2.4.5.jar!/" />
        <root url="jar://C:/dev/bin/grails-2.4.5/dist/grails-spring-2.4.5.jar!/" />
        <root url="jar://C:/dev/bin/grails-2.4.5/dist/grails-test-2.4.5.jar!/" />
        <root url="jar://C:/dev/bin/grails-2.4.5/dist/grails-validation-2.4.5.jar!/" />
        <root url="jar://C:/dev/bin/grails-2.4.5/dist/grails-web-2.4.5.jar!/" />
        <root url="jar://C:/dev/bin/grails-2.4.5/dist/grails-web-common-2.4.5.jar!/" />
        <root url="jar://C:/dev/bin/grails-2.4.5/dist/grails-web-databinding-2.4.5.jar!/" />
        <root url="jar://C:/dev/bin/grails-2.4.5/dist/grails-web-databinding-spring-2.4.5.jar!/" />
        <root url="jar://C:/dev/bin/grails-2.4.5/dist/grails-web-fileupload-2.4.5.jar!/" />
        <root url="jar://C:/dev/bin/grails-2.4.5/dist/grails-web-gsp-2.4.5.jar!/" />
        <root url="jar://C:/dev/bin/grails-2.4.5/dist/grails-web-gsp-taglib-2.4.5.jar!/" />
        <root url="jar://C:/dev/bin/grails-2.4.5/dist/grails-web-jsp-2.4.5.jar!/" />
        <root url="jar://C:/dev/bin/grails-2.4.5/dist/grails-web-mvc-2.4.5.jar!/" />
        <root url="jar://C:/dev/bin/grails-2.4.5/dist/grails-web-sitemesh-2.4.5.jar!/" />
        <root url="jar://C:/dev/bin/grails-2.4.5/dist/grails-web-url-mappings-2.4.5.jar!/" />
      </CLASSES>
      <JAVADOC>
        <root url="jar://C:/dev/bin/grails-2.4.5/dist/grails-async-2.4.5-javadoc.jar!/" />
        <root url="jar://C:/dev/bin/grails-2.4.5/dist/grails-bootstrap-2.4.5-javadoc.jar!/" />
        <root url="jar://C:/dev/bin/grails-2.4.5/dist/grails-core-2.4.5-javadoc.jar!/" />
        <root url="jar://C:/dev/bin/grails-2.4.5/dist/grails-databinding-2.4.5-javadoc.jar!/" />
        <root url="jar://C:/dev/bin/grails-2.4.5/dist/grails-docs-2.4.5-javadoc.jar!/" />
        <root url="jar://C:/dev/bin/grails-2.4.5/dist/grails-encoder-2.4.5-javadoc.jar!/" />
        <root url="jar://C:/dev/bin/grails-2.4.5/dist/grails-logging-2.4.5-javadoc.jar!/" />
        <root url="jar://C:/dev/bin/grails-2.4.5/dist/grails-plugin-async-2.4.5-javadoc.jar!/" />
        <root url="jar://C:/dev/bin/grails-2.4.5/dist/grails-plugin-codecs-2.4.5-javadoc.jar!/" />
        <root url="jar://C:/dev/bin/grails-2.4.5/dist/grails-plugin-controllers-2.4.5-javadoc.jar!/" />
        <root url="jar://C:/dev/bin/grails-2.4.5/dist/grails-plugin-converters-2.4.5-javadoc.jar!/" />
        <root url="jar://C:/dev/bin/grails-2.4.5/dist/grails-plugin-datasource-2.4.5-javadoc.jar!/" />
        <root url="jar://C:/dev/bin/grails-2.4.5/dist/grails-plugin-domain-class-2.4.5-javadoc.jar!/" />
        <root url="jar://C:/dev/bin/grails-2.4.5/dist/grails-plugin-filters-2.4.5-javadoc.jar!/" />
        <root url="jar://C:/dev/bin/grails-2.4.5/dist/grails-plugin-gsp-2.4.5-javadoc.jar!/" />
        <root url="jar://C:/dev/bin/grails-2.4.5/dist/grails-plugin-log4j-2.4.5-javadoc.jar!/" />
        <root url="jar://C:/dev/bin/grails-2.4.5/dist/grails-plugin-mimetypes-2.4.5-javadoc.jar!/" />
        <root url="jar://C:/dev/bin/grails-2.4.5/dist/grails-plugin-testing-2.4.5-javadoc.jar!/" />
        <root url="jar://C:/dev/bin/grails-2.4.5/dist/grails-plugin-url-mappings-2.4.5-javadoc.jar!/" />
        <root url="jar://C:/dev/bin/grails-2.4.5/dist/grails-plugin-validation-2.4.5-javadoc.jar!/" />
        <root url="jar://C:/dev/bin/grails-2.4.5/dist/grails-project-api-2.4.5-javadoc.jar!/" />
        <root url="jar://C:/dev/bin/grails-2.4.5/dist/grails-spring-2.4.5-javadoc.jar!/" />
        <root url="jar://C:/dev/bin/grails-2.4.5/dist/grails-test-2.4.5-javadoc.jar!/" />
        <root url="jar://C:/dev/bin/grails-2.4.5/dist/grails-validation-2.4.5-javadoc.jar!/" />
        <root url="jar://C:/dev/bin/grails-2.4.5/dist/grails-web-2.4.5-javadoc.jar!/" />
        <root url="jar://C:/dev/bin/grails-2.4.5/dist/grails-web-common-2.4.5-javadoc.jar!/" />
        <root url="jar://C:/dev/bin/grails-2.4.5/dist/grails-web-databinding-2.4.5-javadoc.jar!/" />
        <root url="jar://C:/dev/bin/grails-2.4.5/dist/grails-web-databinding-spring-2.4.5-javadoc.jar!/" />
        <root url="jar://C:/dev/bin/grails-2.4.5/dist/grails-web-fileupload-2.4.5-javadoc.jar!/" />
        <root url="jar://C:/dev/bin/grails-2.4.5/dist/grails-web-gsp-2.4.5-javadoc.jar!/" />
        <root url="jar://C:/dev/bin/grails-2.4.5/dist/grails-web-gsp-taglib-2.4.5-javadoc.jar!/" />
        <root url="jar://C:/dev/bin/grails-2.4.5/dist/grails-web-jsp-2.4.5-javadoc.jar!/" />
        <root url="jar://C:/dev/bin/grails-2.4.5/dist/grails-web-mvc-2.4.5-javadoc.jar!/" />
        <root url="jar://C:/dev/bin/grails-2.4.5/dist/grails-web-sitemesh-2.4.5-javadoc.jar!/" />
        <root url="jar://C:/dev/bin/grails-2.4.5/dist/grails-web-url-mappings-2.4.5-javadoc.jar!/" />
        <root url="jar://C:/dev/bin/grails-2.4.5/dist/grails-wrapper-2.4.5-javadoc.jar!/" />
      </JAVADOC>
      <SOURCES>
        <root url="jar://C:/dev/bin/grails-2.4.5/dist/grails-async-2.4.5-sources.jar!/" />
        <root url="jar://C:/dev/bin/grails-2.4.5/dist/grails-bootstrap-2.4.5-sources.jar!/" />
        <root url="jar://C:/dev/bin/grails-2.4.5/dist/grails-core-2.4.5-sources.jar!/" />
        <root url="jar://C:/dev/bin/grails-2.4.5/dist/grails-databinding-2.4.5-sources.jar!/" />
        <root url="jar://C:/dev/bin/grails-2.4.5/dist/grails-docs-2.4.5-sources.jar!/" />
        <root url="jar://C:/dev/bin/grails-2.4.5/dist/grails-encoder-2.4.5-sources.jar!/" />
        <root url="jar://C:/dev/bin/grails-2.4.5/dist/grails-logging-2.4.5-sources.jar!/" />
        <root url="jar://C:/dev/bin/grails-2.4.5/dist/grails-plugin-async-2.4.5-sources.jar!/" />
        <root url="jar://C:/dev/bin/grails-2.4.5/dist/grails-plugin-codecs-2.4.5-sources.jar!/" />
        <root url="jar://C:/dev/bin/grails-2.4.5/dist/grails-plugin-controllers-2.4.5-sources.jar!/" />
        <root url="jar://C:/dev/bin/grails-2.4.5/dist/grails-plugin-converters-2.4.5-sources.jar!/" />
        <root url="jar://C:/dev/bin/grails-2.4.5/dist/grails-plugin-datasource-2.4.5-sources.jar!/" />
        <root url="jar://C:/dev/bin/grails-2.4.5/dist/grails-plugin-domain-class-2.4.5-sources.jar!/" />
        <root url="jar://C:/dev/bin/grails-2.4.5/dist/grails-plugin-filters-2.4.5-sources.jar!/" />
        <root url="jar://C:/dev/bin/grails-2.4.5/dist/grails-plugin-gsp-2.4.5-sources.jar!/" />
        <root url="jar://C:/dev/bin/grails-2.4.5/dist/grails-plugin-log4j-2.4.5-sources.jar!/" />
        <root url="jar://C:/dev/bin/grails-2.4.5/dist/grails-plugin-mimetypes-2.4.5-sources.jar!/" />
        <root url="jar://C:/dev/bin/grails-2.4.5/dist/grails-plugin-testing-2.4.5-sources.jar!/" />
        <root url="jar://C:/dev/bin/grails-2.4.5/dist/grails-plugin-url-mappings-2.4.5-sources.jar!/" />
        <root url="jar://C:/dev/bin/grails-2.4.5/dist/grails-plugin-validation-2.4.5-sources.jar!/" />
        <root url="jar://C:/dev/bin/grails-2.4.5/dist/grails-project-api-2.4.5-sources.jar!/" />
        <root url="jar://C:/dev/bin/grails-2.4.5/dist/grails-spring-2.4.5-sources.jar!/" />
        <root url="jar://C:/dev/bin/grails-2.4.5/dist/grails-test-2.4.5-sources.jar!/" />
        <root url="jar://C:/dev/bin/grails-2.4.5/dist/grails-validation-2.4.5-sources.jar!/" />
        <root url="jar://C:/dev/bin/grails-2.4.5/dist/grails-web-2.4.5-sources.jar!/" />
        <root url="jar://C:/dev/bin/grails-2.4.5/dist/grails-web-common-2.4.5-sources.jar!/" />
        <root url="jar://C:/dev/bin/grails-2.4.5/dist/grails-web-databinding-2.4.5-sources.jar!/" />
        <root url="jar://C:/dev/bin/grails-2.4.5/dist/grails-web-databinding-spring-2.4.5-sources.jar!/" />
        <root url="jar://C:/dev/bin/grails-2.4.5/dist/grails-web-fileupload-2.4.5-sources.jar!/" />
        <root url="jar://C:/dev/bin/grails-2.4.5/dist/grails-web-gsp-2.4.5-sources.jar!/" />
        <root url="jar://C:/dev/bin/grails-2.4.5/dist/grails-web-gsp-taglib-2.4.5-sources.jar!/" />
        <root url="jar://C:/dev/bin/grails-2.4.5/dist/grails-web-jsp-2.4.5-sources.jar!/" />
        <root url="jar://C:/dev/bin/grails-2.4.5/dist/grails-web-mvc-2.4.5-sources.jar!/" />
        <root url="jar://C:/dev/bin/grails-2.4.5/dist/grails-web-sitemesh-2.4.5-sources.jar!/" />
        <root url="jar://C:/dev/bin/grails-2.4.5/dist/grails-web-url-mappings-2.4.5-sources.jar!/" />
        <root url="jar://C:/dev/bin/grails-2.4.5/dist/grails-wrapper-2.4.5-sources.jar!/" />
      </SOURCES>
    </library>
  </component>
</application>