<application>
  <component name="libraryTable">
    <library name="grails 4.0 root - classes">
      <CLASSES>
        <root url="file://$USER_HOME$/Cellar/grails/4.0.0" />
      </CLASSES>
      <JAVADOC />
      <SOURCES />
    </library>
    <library name="grails 4.0 root - jars">
      <CLASSES>
        <root url="file://$USER_HOME$/Cellar/grails/4.0.0" />
      </CLASSES>
      <JAVADOC />
      <SOURCES />
      <jarDirectory url="file://$USER_HOME$/Cellar/grails/4.0.0" recursive="false" />
    </library>
    <library name="grails libexec">
      <CLASSES>
        <root url="file://$USER_HOME$/Cellar/grails/4.0.0/libexec" />
      </CLASSES>
      <JAVADOC />
      <SOURCES />
      <jarDirectory url="file://$USER_HOME$/Cellar/grails/4.0.0/libexec" recursive="false" />
    </library>
    <library name="groovy 2.5.7">
      <CLASSES />
      <JAVADOC />
      <SOURCES>
        <root url="file://$USER_HOME$/Cellar/groovysdk/2.5.7/libexec/src/src/main/groovy" />
        <root url="file://$USER_HOME$/Cellar/groovysdk/2.5.7/libexec/src/src/main/java" />
        <root url="file://$USER_HOME$/Cellar/groovysdk/2.5.7/libexec/src/src/spec/test" />
        <root url="file://$USER_HOME$/Cellar/groovysdk/2.5.7/libexec/src/src/tck/src" />
        <root url="file://$USER_HOME$/Cellar/groovysdk/2.5.7/libexec/src/src/test" />
        <root url="file://$USER_HOME$/Cellar/groovysdk/2.5.7/libexec/src/src/test-fixtures/extmodule/src/main/java" />
        <root url="file://$USER_HOME$/Cellar/groovysdk/2.5.7/libexec/src/src/test-resources" />
        <root url="file://$USER_HOME$/Cellar/groovysdk/2.5.7/libexec/src/subprojects/groovy-ant/src/main/java" />
        <root url="file://$USER_HOME$/Cellar/groovysdk/2.5.7/libexec/src/subprojects/groovy-ant/src/test-resources" />
        <root url="file://$USER_HOME$/Cellar/groovysdk/2.5.7/libexec/src/subprojects/groovy-ant/src/test/groovy" />
        <root url="file://$USER_HOME$/Cellar/groovysdk/2.5.7/libexec/src/subprojects/groovy-bsf/src/main/java" />
        <root url="file://$USER_HOME$/Cellar/groovysdk/2.5.7/libexec/src/subprojects/groovy-bsf/src/spec/test" />
        <root url="file://$USER_HOME$/Cellar/groovysdk/2.5.7/libexec/src/subprojects/groovy-bsf/src/test/java" />
        <root url="file://$USER_HOME$/Cellar/groovysdk/2.5.7/libexec/src/subprojects/groovy-console/src/main/groovy" />
        <root url="file://$USER_HOME$/Cellar/groovysdk/2.5.7/libexec/src/subprojects/groovy-datetime/src/main/java" />
        <root url="file://$USER_HOME$/Cellar/groovysdk/2.5.7/libexec/src/subprojects/groovy-datetime/src/test/java" />
        <root url="file://$USER_HOME$/Cellar/groovysdk/2.5.7/libexec/src/subprojects/groovy-dateutil/src/main/java" />
        <root url="file://$USER_HOME$/Cellar/groovysdk/2.5.7/libexec/src/subprojects/groovy-dateutil/src/test/java" />
        <root url="file://$USER_HOME$/Cellar/groovysdk/2.5.7/libexec/src/subprojects/groovy-groovydoc/src/main/java" />
        <root url="file://$USER_HOME$/Cellar/groovysdk/2.5.7/libexec/src/subprojects/groovy-groovydoc/src/test/groovy" />
        <root url="file://$USER_HOME$/Cellar/groovysdk/2.5.7/libexec/src/subprojects/groovy-groovydoc/src/test/resources" />
        <root url="file://$USER_HOME$/Cellar/groovysdk/2.5.7/libexec/src/subprojects/groovy-jaxb/src/main/java" />
        <root url="file://$USER_HOME$/Cellar/groovysdk/2.5.7/libexec/src/subprojects/groovy-jmx/src/main/java" />
        <root url="file://$USER_HOME$/Cellar/groovysdk/2.5.7/libexec/src/subprojects/groovy-jmx/src/test/groovy" />
        <root url="file://$USER_HOME$/Cellar/groovysdk/2.5.7/libexec/src/subprojects/groovy-jmx/src/test/java" />
        <root url="file://$USER_HOME$/Cellar/groovysdk/2.5.7/libexec/src/subprojects/groovy-json-direct/src/main/java" />
        <root url="file://$USER_HOME$/Cellar/groovysdk/2.5.7/libexec/src/subprojects/groovy-json/src/main/java" />
        <root url="file://$USER_HOME$/Cellar/groovysdk/2.5.7/libexec/src/subprojects/groovy-jsr223/src/main/java" />
        <root url="file://$USER_HOME$/Cellar/groovysdk/2.5.7/libexec/src/subprojects/groovy-jsr223/src/spec/test" />
        <root url="file://$USER_HOME$/Cellar/groovysdk/2.5.7/libexec/src/subprojects/groovy-jsr223/src/test/java" />
        <root url="file://$USER_HOME$/Cellar/groovysdk/2.5.7/libexec/src/subprojects/groovy-macro/src/main/groovy" />
        <root url="file://$USER_HOME$/Cellar/groovysdk/2.5.7/libexec/src/subprojects/groovy-macro/src/test/groovy" />
        <root url="file://$USER_HOME$/Cellar/groovysdk/2.5.7/libexec/src/subprojects/groovy-nio/src/main/java" />
        <root url="file://$USER_HOME$/Cellar/groovysdk/2.5.7/libexec/src/subprojects/groovy-servlet/src/main/java" />
        <root url="file://$USER_HOME$/Cellar/groovysdk/2.5.7/libexec/src/subprojects/groovy-servlet/src/test/java" />
        <root url="file://$USER_HOME$/Cellar/groovysdk/2.5.7/libexec/src/subprojects/groovy-sql/src/main/java" />
        <root url="file://$USER_HOME$/Cellar/groovysdk/2.5.7/libexec/src/subprojects/groovy-swing/src/main/groovy" />
        <root url="file://$USER_HOME$/Cellar/groovysdk/2.5.7/libexec/src/subprojects/groovy-swing/src/main/java" />
        <root url="file://$USER_HOME$/Cellar/groovysdk/2.5.7/libexec/src/subprojects/groovy-swing/src/test/groovy" />
        <root url="file://$USER_HOME$/Cellar/groovysdk/2.5.7/libexec/src/subprojects/groovy-templates/src/main/groovy" />
        <root url="file://$USER_HOME$/Cellar/groovysdk/2.5.7/libexec/src/subprojects/groovy-templates/src/test/groovy" />
        <root url="file://$USER_HOME$/Cellar/groovysdk/2.5.7/libexec/src/subprojects/groovy-templates/src/test/java" />
        <root url="file://$USER_HOME$/Cellar/groovysdk/2.5.7/libexec/src/subprojects/groovy-test-junit5/src/main/java" />
        <root url="file://$USER_HOME$/Cellar/groovysdk/2.5.7/libexec/src/subprojects/groovy-test/src/main/java" />
        <root url="file://$USER_HOME$/Cellar/groovysdk/2.5.7/libexec/src/subprojects/groovy-testng/src/main/java" />
        <root url="file://$USER_HOME$/Cellar/groovysdk/2.5.7/libexec/src/subprojects/groovy-xml/src/main/java" />
        <root url="file://$USER_HOME$/Cellar/groovysdk/2.5.7/libexec/src/subprojects/groovy-xml/src/test/groovy" />
        <root url="file://$USER_HOME$/Cellar/groovysdk/2.5.7/libexec/src/subprojects/performance/src/jmh/java" />
        <root url="file://$USER_HOME$/Cellar/groovysdk/2.5.7/libexec/src/subprojects/performance/src/test/java" />
        <root url="file://$USER_HOME$/Cellar/groovysdk/2.5.7/libexec/src/subprojects/stress/src/test/java" />
        <root url="file://$USER_HOME$/Cellar/groovysdk/2.5.7/libexec/src/subprojects/tests-vm8/src/main/java" />
        <root url="file://$USER_HOME$/Cellar/groovysdk/2.5.7/libexec/src/subprojects/tests-vm8/src/test/java" />
      </SOURCES>
    </library>
  </component>
</application>