<application>
  <component name="DebuggerSettings">
    <option name="SHOW_ALTERNATIVE_SOURCE" value="false" />
    <option name="RUN_HOTSWAP_AFTER_COMPILE" value="RunHotswapAlways" />
    <option name="WATCH_RETURN_VALUES" value="true" />
    <option name="AUTO_VARIABLES_MODE" value="true" />
    <filter>
      <option name="PATTERN" value="com.sun.*" />
      <option name="ENABLED" value="true" />
      <option name="INCLUDE" value="true" />
    </filter>
    <filter>
      <option name="PATTERN" value="java.*" />
      <option name="ENABLED" value="true" />
      <option name="INCLUDE" value="true" />
    </filter>
    <filter>
      <option name="PATTERN" value="javax.*" />
      <option name="ENABLED" value="true" />
      <option name="INCLUDE" value="true" />
    </filter>
    <filter>
      <option name="PATTERN" value="org.omg.*" />
      <option name="ENABLED" value="true" />
      <option name="INCLUDE" value="true" />
    </filter>
    <filter>
      <option name="PATTERN" value="sun.*" />
      <option name="ENABLED" value="true" />
      <option name="INCLUDE" value="true" />
    </filter>
    <filter>
      <option name="PATTERN" value="jdk.internal.*" />
      <option name="ENABLED" value="true" />
      <option name="INCLUDE" value="true" />
    </filter>
    <filter>
      <option name="PATTERN" value="junit.*" />
      <option name="ENABLED" value="true" />
      <option name="INCLUDE" value="true" />
    </filter>
    <filter>
      <option name="PATTERN" value="com.intellij.rt.*" />
      <option name="ENABLED" value="true" />
      <option name="INCLUDE" value="true" />
    </filter>
    <filter>
      <option name="PATTERN" value="com.yourkit.runtime.*" />
      <option name="ENABLED" value="true" />
      <option name="INCLUDE" value="true" />
    </filter>
    <filter>
      <option name="PATTERN" value="com.springsource.loaded.*" />
      <option name="ENABLED" value="true" />
      <option name="INCLUDE" value="true" />
    </filter>
    <filter>
      <option name="PATTERN" value="org.springsource.loaded.*" />
      <option name="ENABLED" value="true" />
      <option name="INCLUDE" value="true" />
    </filter>
    <filter>
      <option name="PATTERN" value="javassist.*" />
      <option name="ENABLED" value="true" />
      <option name="INCLUDE" value="true" />
    </filter>
    <filter>
      <option name="PATTERN" value="org.apache.webbeans.*" />
      <option name="ENABLED" value="true" />
      <option name="INCLUDE" value="true" />
    </filter>
    <filter>
      <option name="PATTERN" value="com.ibm.ws.*" />
      <option name="ENABLED" value="true" />
      <option name="INCLUDE" value="true" />
    </filter>
    <filter>
      <option name="PATTERN" value="org.springframework.security.access.vote.AbstractAccessDecisionManager" />
      <option name="ENABLED" value="true" />
      <option name="INCLUDE" value="true" />
    </filter>
    <filter>
      <option name="PATTERN" value="groovy.util.logging.*" />
      <option name="ENABLED" value="true" />
      <option name="INCLUDE" value="true" />
    </filter>
    <filter>
      <option name="PATTERN" value="org.apache.commons.logging.*" />
      <option name="ENABLED" value="true" />
      <option name="INCLUDE" value="true" />
    </filter>
    <filter>
      <option name="PATTERN" value="org.apache.juli.*" />
      <option name="ENABLED" value="true" />
      <option name="INCLUDE" value="true" />
    </filter>
    <filter>
      <option name="PATTERN" value="org.codehaus.groovy.*" />
      <option name="ENABLED" value="false" />
      <option name="INCLUDE" value="true" />
    </filter>
    <filter>
      <option name="PATTERN" value="groovy.*" />
      <option name="ENABLED" value="true" />
      <option name="INCLUDE" value="true" />
    </filter>
    <filter>
      <option name="PATTERN" value="org.spockframework.*" />
      <option name="ENABLED" value="true" />
      <option name="INCLUDE" value="true" />
    </filter>
    <filter>
      <option name="PATTERN" value="org.grails.*" />
      <option name="ENABLED" value="true" />
      <option name="INCLUDE" value="true" />
    </filter>
  </component>
  <component name="NodeRendererSettings">
    <Renderer ID="ClassRenderer">
      <option name="SHOW_SYNTHETICS" value="false" />
      <option name="SHOW_VAL_FIELDS_AS_LOCAL_VARIABLES" value="false" />
      <option name="SHOW_STRINGS_TYPE" value="true" />
    </Renderer>
    <CustomRenderers VERSION="8">
      <Renderer ID="CompoundTypeRenderer">
        <option name="NAME" value="java.util.LinkedHashMap" />
        <option name="ENABLED" value="true" />
        <option name="QUALIFIED_NAME" value="java.util.LinkedHashMap" />
        <Renderer ID="LabelRenderer" role="label">
          <option name="QUALIFIED_NAME" value="java.util.LinkedHashMap" />
          <option name="ON_DEMAND" value="false" />
          <option name="LABEL_EXPRESSION" value="size() + &quot; entries:  &quot; + entrySet()&#13;&#13;JAVA" />
        </Renderer>
      </Renderer>
      <Renderer ID="CompoundTypeRenderer">
        <option name="NAME" value="java.lang.reflect.Array" />
        <option name="ENABLED" value="true" />
        <option name="QUALIFIED_NAME" value="java.lang.reflect.Array" />
        <Renderer ID="LabelRenderer" role="label">
          <option name="QUALIFIED_NAME" value="java.lang.reflect.Array" />
          <option name="ON_DEMAND" value="false" />
          <option name="LABEL_EXPRESSION" value="Arrays.toString(this)&#13;java.util.Arrays&#13;JAVA" />
        </Renderer>
      </Renderer>
      <Renderer ID="CompoundTypeRenderer">
        <option name="NAME" value="java.util.HashMap" />
        <option name="ENABLED" value="true" />
        <option name="QUALIFIED_NAME" value="java.util.HashMap" />
        <Renderer ID="LabelRenderer" role="label">
          <option name="QUALIFIED_NAME" value="java.util.HashMap" />
          <option name="ON_DEMAND" value="false" />
          <option name="LABEL_EXPRESSION" value="size() + &quot; entries:  &quot; + entrySet()&#13;&#13;JAVA" />
        </Renderer>
      </Renderer>
      <Renderer ID="CompoundTypeRenderer">
        <option name="NAME" value="java.util.Map.Entry" />
        <option name="ENABLED" value="true" />
        <option name="QUALIFIED_NAME" value="java.util.Map.Entry" />
        <Renderer ID="LabelRenderer" role="label">
          <option name="QUALIFIED_NAME" value="java.util.Map.Entry" />
          <option name="ON_DEMAND" value="false" />
          <option name="LABEL_EXPRESSION" value="getKey() + &quot;-&gt; &quot; + getValue()&#13;&#13;JAVA" />
        </Renderer>
      </Renderer>
      <Renderer ID="CompoundTypeRenderer">
        <option name="NAME" value="java.util.HashMap.Entry" />
        <option name="ENABLED" value="true" />
        <option name="QUALIFIED_NAME" value="java.util.HashMap.Entry" />
        <Renderer ID="LabelRenderer" role="label">
          <option name="QUALIFIED_NAME" value="java.util.HashMap.Entry" />
          <option name="ON_DEMAND" value="false" />
          <option name="LABEL_EXPRESSION" value="getKey() + &quot;-&gt; &quot; + getValue()&#13;&#13;JAVA" />
        </Renderer>
      </Renderer>
      <Renderer ID="CompoundTypeRenderer">
        <option name="NAME" value="java.lang.CharSequence" />
        <option name="QUALIFIED_NAME" value="java.lang.CharSequence" />
        <Renderer ID="LabelRenderer" role="label">
          <option name="QUALIFIED_NAME" value="java.lang.CharSequence" />
          <option name="ON_DEMAND" value="false" />
          <option name="LABEL_EXPRESSION" value="&quot;\&quot;&quot;+ this +&quot;\&quot;&quot;&#13;&#13;JAVA" />
        </Renderer>
        <Renderer ID="ExpressionChildrenRenderer" role="children">
          <option name="QUALIFIED_NAME" value="java.lang.CharSequence" />
          <option name="CHILDREN_EXPANDABLE" value="&#13;&#13;JAVA" />
          <option name="CHILDREN_EXPRESSION" value="&quot;\&quot;&quot;+ this +&quot;\&quot;&quot;&#13;&#13;JAVA" />
        </Renderer>
      </Renderer>
      <Renderer ID="CompoundTypeRenderer">
        <option name="NAME" value="java.lang.Character" />
        <option name="QUALIFIED_NAME" value="java.lang.Character" />
        <Renderer ID="LabelRenderer" role="label">
          <option name="QUALIFIED_NAME" value="java.lang.Character" />
          <option name="ON_DEMAND" value="false" />
          <option name="LABEL_EXPRESSION" value="&quot;'&quot;+ this +&quot;'&quot;&#13;&#13;JAVA" />
        </Renderer>
        <Renderer ID="ExpressionChildrenRenderer" role="children">
          <option name="QUALIFIED_NAME" value="java.lang.Character" />
          <option name="CHILDREN_EXPANDABLE" value="&#13;&#13;JAVA" />
          <option name="CHILDREN_EXPRESSION" value="&quot;'&quot;+ this +&quot;'&quot;&#13;&#13;JAVA" />
        </Renderer>
      </Renderer>
      <Renderer ID="CompoundTypeRenderer">
        <option name="NAME" value="java.util.Map" />
        <option name="ENABLED" value="true" />
        <option name="QUALIFIED_NAME" value="java.util.Map" />
        <Renderer ID="LabelRenderer" role="label">
          <option name="QUALIFIED_NAME" value="java.util.Map" />
          <option name="ON_DEMAND" value="false" />
          <option name="LABEL_EXPRESSION" value="size() + &quot; entries: &quot; + entrySet()&#13;&#13;JAVA" />
        </Renderer>
      </Renderer>
    </CustomRenderers>
  </component>
  <component name="ThreadsViewSettings">
    <option name="SHOW_PACKAGE_NAME" value="false" />
  </component>
  <component name="XDebuggerSettings">
    <data-views>
      <option name="showLibraryStackFrames" value="false" />
      <sort-values>true</sort-values>
    </data-views>
    <general>
      <evaluation-dialog-mode>CODE_FRAGMENT</evaluation-dialog-mode>
    </general>
    <debuggers>
      <debugger id="javascript">
        <configuration>
          <custom-object-presentation />
        </configuration>
      </debugger>
      <debugger id="kotlin_debugger">
        <configuration>
          <option name="DEBUG_IS_FILTER_FOR_STDLIB_ALREADY_ADDED" value="true" />
        </configuration>
      </debugger>
    </debuggers>
  </component>
</application>