<application>
  <component name="FileTypeManager" version="17">
    <extensionMap>
      <mapping pattern="*.js.flow" type="Flow" />
      <mapping pattern="*.js.flow" type="Flow" />
      <mapping pattern="eca-get-user-gcoakley-sqa" type="PLAIN_TEXT" />
      <mapping pattern="grails" type="PLAIN_TEXT" />
      <mapping pattern="ECA_Endpoints.ts" type="PLAIN_TEXT" />
      <mapping pattern="Gulpfile" type="PLAIN_TEXT" />
      <mapping pattern="a" type="PLAIN_TEXT" />
      <mapping ext="out" type="PLAIN_TEXT" />
      <mapping ext="grails-script" type="PLAIN_TEXT" />
      <removed_mapping ext="cmd" approved="true" type="PLAIN_TEXT" />
      <removed_mapping ext="log" approved="true" type="PLAIN_TEXT" />
      <removed_mapping ext="bat" approved="true" type="PLAIN_TEXT" />
      <mapping ext="tx" type="TypeScript" />
      <removed_mapping ext="bat" approved="true" type="PLAIN_TEXT" />
      <removed_mapping ext="log" approved="true" type="PLAIN_TEXT" />
      <removed_mapping ext="dockerfile" approved="true" type="textmate" />
      <removed_mapping ext="makefile" approved="true" type="textmate" />
      <removed_mapping ext="cmd" approved="true" type="PLAIN_TEXT" />
      <removed_mapping ext="snakefile" approved="true" type="textmate" />
    </extensionMap>
  </component>
</application>