<application>
  <component name="FindSettings">
    <option name="customScope" value="All Places" />
    <option name="defaultScopeName" value="All Places" />
    <option name="skipResultsWithOneUsage" value="true" />
    <option name="SKIP_RESULTS_WHEN_ONE_USAGE" value="true" />
    <option name="SEARCH_SCOPE" value="All Places" />
    <mask>*itemSeri*</mask>
    <mask>*Spec.groovy</mask>
    <mask>*hotspot*</mask>
    <mask>*numberline*</mask>
    <mask>RenderTagLib*</mask>
    <mask>renderNumberLine*js</mask>
    <mask>GraphUtil*, *number*</mask>
    <mask>itemedit*.js</mask>
    <mask>Item*</mask>
    <mask>itemEdit*</mask>
    <mask>*menu*</mask>
    <mask>*..gsp</mask>
    <mask>*.js*</mask>
    <mask>iteration*</mask>
    <mask>allI*</mask>
    <mask>*coord*</mask>
    <mask>*.gsp</mask>
    <mask>Online_Data*</mask>
    <mask>*Edit*.gsp</mask>
    <mask>*spec.ts</mask>
    <mask>*html</mask>
    <mask>itemEdit*.js</mask>
    <mask>*.js</mask>
    <mask>add.jsp, edit.jsp</mask>
    <mask>add.gsp, edit.gsp</mask>
    <mask>IAT*.js</mask>
    <mask>*.ts, *.js</mask>
    <mask>*.spec.ts</mask>
    <mask>*.ts</mask>
    <mask>*.md</mask>
  </component>
</application>