<application>
  <component name="GeneralSettings">
    <option name="autoSaveIfInactive" value="true" />
    <option name="browserPath" value="C:\home\gcoakley\AppData\Local\Vivaldi\Application\vivaldi.exe" />
    <option name="confirmExit" value="false" />
    <option name="confirmOpenNewProject2" value="0" />
    <option name="inactiveTimeout" value="60" />
    <option name="searchInBackground" value="true" />
    <option name="showTipsOnStartup" value="false" />
  </component>
  <component name="Registry">
    <entry key="ide.firstStartup" value="false" />
    <entry key="ide.tooltip.initialDelay" value="998" />
    <entry key="git.explicit.commit.renames.prohibit.multiple.calls" value="false" />
  </component>
</application>