{
 "autoExec" : false,
 "autoExpand" : false,
 "autocompletionMode" : 1,
 "batchSize" : 50,
 "connections" : [
  {
   "connectionName" : "Local",
   "credentials" : [
    {
     "databaseName" : "admin",
     "enabled" : false,
     "mechanism" : "SCRAM-SHA-1",
     "userName" : "",
     "userPassword" : ""
    }
   ],
   "defaultDatabase" : "",
   "isReplicaSet" : false,
   "serverHost" : "localhost",
   "serverPort" : 27017,
   "ssh" : {
    "askPassword" : false,
    "enabled" : false,
    "host" : "",
    "method" : "publickey",
    "passphrase" : "",
    "port" : 22,
    "privateKeyFile" : "",
    "publicKeyFile" : "",
    "userName" : "",
    "userPassword" : ""
   },
   "ssl" : {
    "allowInvalidCertificates" : false,
    "allowInvalidHostnames" : false,
    "askPassphrase" : false,
    "caFile" : "",
    "crlFile" : "",
    "pemKeyFile" : "",
    "pemPassPhrase" : "",
    "sslEnabled" : false,
    "useAdvancedOptions" : false,
    "usePemFile" : false
   }
  },
  {
   "connectionName" : "LA Prod",
   "credentials" : [
    {
     "databaseName" : "louisiana_iat_prod",
     "enabled" : true,
     "mechanism" : "SCRAM-SHA-1",
     "userName" : "louisianaiatprod",
     "userPassword" : "eagle9"
    }
   ],
   "defaultDatabase" : "",
   "isReplicaSet" : false,
   "serverHost" : "dcrmdbp006",
   "serverPort" : 31001,
   "ssh" : {
    "askPassword" : false,
    "enabled" : false,
    "host" : "",
    "method" : "publickey",
    "passphrase" : "",
    "port" : 22,
    "privateKeyFile" : "",
    "publicKeyFile" : "",
    "userName" : "",
    "userPassword" : ""
   },
   "ssl" : {
    "allowInvalidCertificates" : false,
    "allowInvalidHostnames" : false,
    "askPassphrase" : false,
    "caFile" : "",
    "crlFile" : "",
    "pemKeyFile" : "",
    "pemPassPhrase" : "",
    "sslEnabled" : false,
    "useAdvancedOptions" : false,
    "usePemFile" : false
   }
  },
  {
   "connectionName" : "NE Prod",
   "credentials" : [
    {
     "databaseName" : "nebraska_iat_prod",
     "enabled" : true,
     "mechanism" : "SCRAM-SHA-1",
     "userName" : "nebraskaiatprod",
     "userPassword" : "eagle9"
    }
   ],
   "defaultDatabase" : "",
   "isReplicaSet" : false,
   "serverHost" : "dcrmdbp006",
   "serverPort" : 31001,
   "ssh" : {
    "askPassword" : false,
    "enabled" : false,
    "host" : "",
    "method" : "publickey",
    "passphrase" : "",
    "port" : 22,
    "privateKeyFile" : "",
    "publicKeyFile" : "",
    "userName" : "",
    "userPassword" : ""
   },
   "ssl" : {
    "allowInvalidCertificates" : false,
    "allowInvalidHostnames" : false,
    "askPassphrase" : false,
    "caFile" : "",
    "crlFile" : "",
    "pemKeyFile" : "",
    "pemPassPhrase" : "",
    "sslEnabled" : false,
    "useAdvancedOptions" : false,
    "usePemFile" : false
   }
  },
  {
   "connectionName" : "NE Staging",
   "credentials" : [
    {
     "databaseName" : "nebraska_iat_staging",
     "enabled" : true,
     "mechanism" : "SCRAM-SHA-1",
     "userName" : "nebraskaiatdev",
     "userPassword" : "falcon1"
    }
   ],
   "defaultDatabase" : "",
   "isReplicaSet" : false,
   "serverHost" : "dcrmdbd004",
   "serverPort" : 31001,
   "ssh" : {
    "askPassword" : false,
    "enabled" : false,
    "host" : "",
    "method" : "publickey",
    "passphrase" : "",
    "port" : 22,
    "privateKeyFile" : "",
    "publicKeyFile" : "",
    "userName" : "",
    "userPassword" : ""
   },
   "ssl" : {
    "allowInvalidCertificates" : false,
    "allowInvalidHostnames" : false,
    "askPassphrase" : false,
    "caFile" : "",
    "crlFile" : "",
    "pemKeyFile" : "",
    "pemPassPhrase" : "",
    "sslEnabled" : false,
    "useAdvancedOptions" : false,
    "usePemFile" : false
   }
  },
  {
   "connectionName" : "LA Staging",
   "credentials" : [
    {
     "databaseName" : "louisiana_iat_staging",
     "enabled" : true,
     "mechanism" : "SCRAM-SHA-1",
     "userName" : "louisianaiatdev",
     "userPassword" : "falcon1"
    }
   ],
   "defaultDatabase" : "",
   "isReplicaSet" : false,
   "serverHost" : "dcrmdbd004",
   "serverPort" : 31001,
   "ssh" : {
    "askPassword" : false,
    "enabled" : false,
    "host" : "",
    "method" : "publickey",
    "passphrase" : "",
    "port" : 22,
    "privateKeyFile" : "",
    "publicKeyFile" : "",
    "userName" : "",
    "userPassword" : ""
   },
   "ssl" : {
    "allowInvalidCertificates" : false,
    "allowInvalidHostnames" : false,
    "askPassphrase" : false,
    "caFile" : "",
    "crlFile" : "",
    "pemKeyFile" : "",
    "pemPassPhrase" : "",
    "sslEnabled" : false,
    "useAdvancedOptions" : false,
    "usePemFile" : false
   }
  },
  {
   "connectionName" : "LA SQA",
   "credentials" : [
    {
     "databaseName" : "louisiana_iat_sqa",
     "enabled" : true,
     "mechanism" : "SCRAM-SHA-1",
     "userName" : "louisianaiatdev",
     "userPassword" : "falcon1"
    }
   ],
   "defaultDatabase" : "",
   "isReplicaSet" : false,
   "serverHost" : "dcrmdbd004",
   "serverPort" : 31001,
   "ssh" : {
    "askPassword" : false,
    "enabled" : false,
    "host" : "",
    "method" : "publickey",
    "passphrase" : "",
    "port" : 22,
    "privateKeyFile" : "",
    "publicKeyFile" : "",
    "userName" : "",
    "userPassword" : ""
   },
   "ssl" : {
    "allowInvalidCertificates" : false,
    "allowInvalidHostnames" : false,
    "askPassphrase" : false,
    "caFile" : "",
    "crlFile" : "",
    "pemKeyFile" : "",
    "pemPassPhrase" : "",
    "sslEnabled" : false,
    "useAdvancedOptions" : false,
    "usePemFile" : false
   }
  },
  {
   "connectionName" : "NE SQA",
   "credentials" : [
    {
     "databaseName" : "nebraska_iat_sqa",
     "enabled" : true,
     "mechanism" : "SCRAM-SHA-1",
     "userName" : "nebraskaiatdev",
     "userPassword" : "falcon1"
    }
   ],
   "defaultDatabase" : "",
   "isReplicaSet" : false,
   "serverHost" : "dcrmdbd004",
   "serverPort" : 31001,
   "ssh" : {
    "askPassword" : false,
    "enabled" : false,
    "host" : "",
    "method" : "publickey",
    "passphrase" : "",
    "port" : 22,
    "privateKeyFile" : "",
    "publicKeyFile" : "",
    "userName" : "",
    "userPassword" : ""
   },
   "ssl" : {
    "allowInvalidCertificates" : false,
    "allowInvalidHostnames" : false,
    "askPassphrase" : false,
    "caFile" : "",
    "crlFile" : "",
    "pemKeyFile" : "",
    "pemPassPhrase" : "",
    "sslEnabled" : false,
    "useAdvancedOptions" : false,
    "usePemFile" : false
   }
  }
 ],
 "disableConnectionShortcuts" : false,
 "imported" : true,
 "lineNumbers" : true,
 "loadMongoRcJs" : false,
 "minimizeToTray" : false,
 "mongoTimeoutSec" : 10,
 "shellTimeoutSec" : 15,
 "style" : "Native",
 "textFontFamily" : "",
 "textFontPointSize" : -1,
 "timeZone" : 0,
 "toolbars" : {
  "connect" : true,
  "exec" : true,
  "explorer" : true,
  "logs" : false,
  "open_save" : true
 },
 "uuidEncoding" : 0,
 "version" : "2.0",
 "viewMode" : 1
}