<keymap version="1" name="IntelliJ IDEA Classic copy" parent="Mac OS X">
  <action id="Annotate">
    <keyboard-shortcut first-keystroke="shift meta g" second-keystroke="a" />
  </action>
  <action id="ChangesView.Shelve">
    <keyboard-shortcut first-keystroke="shift meta g" second-keystroke="s" />
  </action>
  <action id="Git.Branches">
    <keyboard-shortcut first-keystroke="shift meta g" second-keystroke="b" />
  </action>
  <action id="Git.Fetch">
    <keyboard-shortcut first-keystroke="shift meta g" second-keystroke="f" />
  </action>
  <action id="Git.Pull">
    <keyboard-shortcut first-keystroke="shift meta g" second-keystroke="d" />
  </action>
  <action id="Git.Stash">
    <keyboard-shortcut first-keystroke="shift meta g" second-keystroke="x" />
  </action>
  <action id="Git.Unstash">
    <keyboard-shortcut first-keystroke="shift meta g" second-keystroke="z" />
  </action>
  <action id="Github.Create.Pull.Request">
    <keyboard-shortcut first-keystroke="shift meta g" second-keystroke="p" />
  </action>
  <action id="Github.Rebase">
    <keyboard-shortcut first-keystroke="shift meta g" second-keystroke="r" />
  </action>
  <action id="Github.View.Pull.Request">
    <keyboard-shortcut first-keystroke="shift meta g" second-keystroke="v" />
  </action>
  <action id="Vcs.Push">
    <keyboard-shortcut first-keystroke="shift meta k" />
    <keyboard-shortcut first-keystroke="shift meta g" second-keystroke="u" />
  </action>
  <action id="Vcs.ShowHistoryForBlock">
    <keyboard-shortcut first-keystroke="shift meta g" second-keystroke="y" />
  </action>
  <action id="Vcs.ShowTabbedFileHistory">
    <keyboard-shortcut first-keystroke="shift meta g" second-keystroke="h" />
  </action>
</keymap>