<application>
  <component name="CodotaSettings">
    <option name="methodCompletionsPercentageSet" value="true" />
    <option name="id" value="eca0d96d-47c8-4208-9abb-d25721f87756" />
    <option name="wasRunBefore" value="true" />
    <option name="firstRun" value="1594842426970" />
    <option name="generation" value="109" />
    <option name="updateGeneration" value="1" />
    <option name="isInJSBeta" value="YES" />
    <option name="isMethodCompletionsPercentageActive" value="true" />
    <option name="isMethodCompletionsPercentageSet" value="true" />
    <option name="testedFeatureFlags">
      <set>
        <option value="deep-completions" />
      </set>
    </option>
    <option name="usedLanguages">
      <set>
        <option value="javascript" />
      </set>
    </option>
  </component>
</application>