<application>
  <component name="FindSettings">
    <option name="caseSensitive" value="true" />
    <option name="customScope" value="All Places" />
    <option name="defaultScopeName" value="All Places" />
    <option name="localCaseSensitive" value="true" />
    <option name="localRegularExpressions" value="true" />
    <option name="skipResultsWithOneUsage" value="true" />
    <option name="SKIP_RESULTS_WHEN_ONE_USAGE" value="true" />
    <option name="CASE_SENSITIVE_SEARCH" value="true" />
    <option name="LOCAL_CASE_SENSITIVE_SEARCH" value="true" />
    <option name="LOCAL_REGULAR_EXPRESSIONS" value="true" />
    <option name="SEARCH_SCOPE" value="All Places" />
    <mask>table.component.scss</mask>
    <mask>*dash*.?s</mask>
    <mask>*.?s, *.html</mask>
    <mask>*.yml</mask>
    <mask>blue*.?s</mask>
    <mask>*module.ts</mask>
    <mask>*table*.html</mask>
    <mask>*model*.ts</mask>
    <mask>examLambda.spec.ts</mask>
    <mask>*.js, *.ts, *.y*ml</mask>
    <mask>*.ts, *.y*ml</mask>
    <mask>*..json</mask>
    <mask>*.?s</mask>
    <mask>*Worker.ts</mask>
    <mask>*scan*.ts</mask>
    <mask>*ORIGI*.ts</mask>
    <mask>FormRunner.spec.ts</mask>
    <mask>sqa*.json</mask>
    <mask>sqaF*.json</mask>
    <mask>sqaReg*.json</mask>
    <mask>2020-06-09T023*.json</mask>
    <mask>sqaForms.json</mask>
    <mask>*.y*ml</mask>
    <mask>lib.es2017.*ts</mask>
    <mask>ScanWorker.ts</mask>
    <mask>*.out</mask>
    <mask>*.html</mask>
    <mask>*.spec.ts</mask>
    <mask>*.ts, *..json</mask>
    <mask>*.ts</mask>
  </component>
</application>