<application>
  <component name="GithubAccounts">
    <account id="d9907058-9fe6-4562-9d90-cd03f0bdd767" name="drc-gcoakley">
      <server useHttp="false" host="github.com" />
    </account>
    <account id="c718d964-9fcf-44a0-93db-afbb824a3736" name="drc-gcoakley">
      <server host="github.com" />
    </account>
  </component>
  <component name="GithubSettings">
    <option name="LOGIN" value="drc-gcoakley" />
    <option name="HOST" value="https://github.com" />
    <option name="AUTH_TYPE" value="BASIC" />
  </component>
</application>