<application>
  <component name="PathMacrosImpl">
    <macro name="KOTLIN_BUNDLED" value="/Applications/IntelliJ IDEA.app/Contents/plugins/Kotlin/kotlinc" />
    <macro name="MAVEN_REPOSITORY" value="/Users/glencoakley/.m2/repository" />
    <macro name="NODE_PATH" value="/Users/glencoakley/dev/bin/nvm/versions/node/v10.21.0/bin/node" />
    <macro name="NVM_BIN" value="/Users/glencoakley/dev/bin/nvm/versions/node/v10.21.0/bin" />
    <macro name="PATH" value="${PATH}:${NODE_PATH}" />
    <macro name="env" value="sqa" />
    <macro name="iat_ping_ep" value="https://la-iat-{env}.drcedirect.com/la/ping" />
    <macro name="ideas_ep" value="https://ideasweb-sqa.drcedirect.com/sqa.ideas/webservices/REST/1.0" />
  </component>
</application>