<application>
  <component name="ImportFilteringUsageViewSetting">
    <option name="SHOW_IMPORTS" value="false" />
  </component>
  <component name="UsageViewSettings">
    <option name="IS_EXPANDED" value="true" />
    <option name="GROUP_BY_FILE_STRUCTURE" value="false" />
    <option name="GROUP_BY_MODULE" value="false" />
    <option name="GROUP_BY_SCOPE" value="true" />
    <option name="GROUP_BY_USAGE_TYPE" value="false" />
    <option name="PREVIEW_USAGES_SPLITTER_PROPORTIONS" value="0.40409207" />
  </component>
</application>